# Host: localhost  (Version: 5.5.53)
# Date: 2019-10-24 09:59:04
# Generator: MySQL-Front 5.3  (Build 4.234)

/*!40101 SET NAMES utf8 */;

#
# Structure for table "article"
#

DROP TABLE IF EXISTS `article`;
CREATE TABLE `article` (
  `article_id` int(11) NOT NULL AUTO_INCREMENT,
  `category` tinyint(3) NOT NULL COMMENT '文章分类',
  `title` varchar(255) NOT NULL,
  `content` text COMMENT '内容',
  `create_time` int(11) NOT NULL DEFAULT '0' COMMENT '记录时间',
  `status` tinyint(1) NOT NULL DEFAULT '1' COMMENT '状态 0 不显示 1 显示',
  `sort` int(11) NOT NULL DEFAULT '0' COMMENT '排序',
  PRIMARY KEY (`article_id`)
) ENGINE=InnoDB AUTO_INCREMENT=3 DEFAULT CHARSET=utf8;

#
# Data for table "article"
#

INSERT INTO `article` VALUES (1,1,'Coincms数字资产','<p>数字资产</p><p>C</p>',1527939866,1,100),(2,1,'新的公告','<p>测试！！！！！！！！！！！！</p>',1529489508,1,100);

#
# Structure for table "config"
#

DROP TABLE IF EXISTS `config`;
CREATE TABLE `config` (
  `id` int(11) unsigned NOT NULL AUTO_INCREMENT,
  `name` varchar(50) NOT NULL,
  `key` varchar(50) NOT NULL,
  `value` varchar(255) NOT NULL,
  `type` tinyint(1) unsigned NOT NULL DEFAULT '1' COMMENT '1:网站配置，2：参数配置',
  `sort` int(1) unsigned DEFAULT '1',
  PRIMARY KEY (`id`),
  UNIQUE KEY `key` (`key`)
) ENGINE=InnoDB AUTO_INCREMENT=52 DEFAULT CHARSET=utf8;

#
# Data for table "config"
#

INSERT INTO `config` VALUES (1,'网站标题','web_title','Coincms',1,1),(2,'开启站点（1：开启 0：关闭）','web_switch','1',1,2),(3,'站点关闭提示','web_close_message','维护时间，请稍后再试',1,3),(4,'虚拟币名字','web_money_name','比特币',1,4),(5,'开启交易市场（1：开启 0：关闭）','web_switch_market','1',3,5),(7,'注册会员名字(一级会员)','user_level_1','分子实习师',1,7),(8,'二级会员','user_level_2','原子技术师',1,8),(9,'三级会员','user_level_3','离子工程师',1,9),(10,'四级会员','user_level_4','中子大院士',1,10),(11,'五级会员','user_level_5','量子科学家',1,11),(12,'是否开启注册送迷你能源发生器（1：开启 0：关闭）','register_send_produc','1',1,12),(13,'注册送迷你能源发生器数量（已开启注册送矿机才有效）','register_send_product_num','1',1,13),(14,'交易市场开市时间（设置示例：01:00）','web_start_time','00:01',3,14),(15,'交易市场关市时间（设置示例：22:00）','web_end_time','24:00',3,15),(16,'是否开启注册（1：开启 0：关闭）','register_open','1',1,16),(17,'IP注册数量限制（只影响会员注册，0:表示不限制）','register_ip','20',1,17),(18,'升级v2(直推人数@联盟人数@联盟开采率)','rules_v2_condition','5@200@20',2,1),(19,'升级v2赠送初级能源发生器数量','rules_v2_reward','1',2,1),(20,'升级v2享受全网联盟每日交易手续费百分比(%)','rules_v2_rate','5',2,1),(21,'升级v3(直推v2人数@联盟开采率)','rules_v3_condition','3@2000@100',2,1),(22,'升级v3赠送中级能源发生器数量','rules_v3_reward','1',2,1),(23,'升级v3享受全网联盟每日交易手续费百分比(%)','rules_v3_rate','10',2,1),(24,'升级v4(直推v3人数@联盟开采率)','rules_v4_condition','3@5000@500',2,1),(25,'升级v4赠送高级能源发生器数量','rules_v4_reward','1',2,1),(26,'升级v4享受全网联盟每日交易手续费百分比(%)','rules_v4_rate','15',2,1),(27,'升级v5(直推v4人数@联盟开采率)','rules_v5_condition','3@10000@1000',2,1),(28,'升级v5赠送高级能源发生器数量','rules_v5_reward','1',2,1),(29,'升级v5享受全网联盟每日交易手续费百分比(%)','rules_v5_rate','20',2,1),(30,'v1最多拥有(高级能源发生器@中级能源发生器@初级能源发生器@迷你能源发生器)个数','rules_v1_product','1@4@6@8',2,1),(31,'v2最多拥有(高级能源发生器@中级能源发生器@初级能源发生器@迷你能源发生器)个数','rules_v2_product','1@4@7@9',2,1),(32,'v3最多拥有(高级能源发生器@中级能源发生器@初级能源发生器@迷你能源发生器)个数','rules_v3_product','1@5@7@10',2,1),(33,'v4最多拥有(高级能源发生器@中级能源发生器@初级能源发生器@迷你能源发生器)个数','rules_v4_product','2@5@8@11',2,1),(34,'v5最多拥有(高级能源发生器@中级能源发生器@初级能源发生器@迷你能源发生器)个数','rules_v5_product','2@5@9@12',2,1),(35,'直推奖励为会员购买能源发生器消耗的能量的百分比(%)','rules_spread_rate','5',2,1),(36,'交易单价涨幅(%)','market_rate','5',3,1),(37,'交易数量最小值(整数)','market_min','13',3,2),(44,'交易数量最大值(整数)','market_max','5000',3,3),(46,'交易手续费(%)','market_sys_rate','30',3,4),(47,'美金和人民币的兑换率(1美金=%人民币)','market_money_rate','6.5',3,5),(48,'24小时交易量(设置为0则统计交易市场的真实数据)','market_day_total','0',3,6),(49,'24小时交易额(设置为0则统计交易市场的真实数据)','market_day_magic','0',3,7),(50,'宝石产量百分比(%),比如，收益1魔石，会产1*xx%的宝石','rules_jewel_rate','0',2,18),(51,'是否开启人脸验证(1:开启 0:关闭)','face_validate','1',1,1);

#
# Structure for table "log"
#

DROP TABLE IF EXISTS `log`;
CREATE TABLE `log` (
  `id` int(11) unsigned NOT NULL AUTO_INCREMENT,
  `type` tinyint(1) unsigned NOT NULL DEFAULT '1',
  `detail` text,
  `desc` varchar(100) NOT NULL,
  `create_time` int(11) NOT NULL,
  PRIMARY KEY (`id`),
  KEY `type` (`type`)
) ENGINE=MyISAM AUTO_INCREMENT=51 DEFAULT CHARSET=utf8;

#
# Data for table "log"
#

/*!40000 ALTER TABLE `log` DISABLE KEYS */;
/*!40000 ALTER TABLE `log` ENABLE KEYS */;

#
# Structure for table "manage_group"
#

DROP TABLE IF EXISTS `manage_group`;
CREATE TABLE `manage_group` (
  `id` int(10) unsigned NOT NULL AUTO_INCREMENT,
  `group_name` varchar(30) COLLATE utf8mb4_unicode_ci NOT NULL COMMENT '分组名称',
  `auth_ids` varchar(200) COLLATE utf8mb4_unicode_ci NOT NULL COMMENT '权限ids',
  `is_default` tinyint(4) NOT NULL DEFAULT '0' COMMENT '默认设置',
  `create_time` int(11) NOT NULL DEFAULT '0' COMMENT '添加时间',
  `update_time` int(11) NOT NULL DEFAULT '0' COMMENT '更新时间',
  PRIMARY KEY (`id`)
) ENGINE=InnoDB AUTO_INCREMENT=4 DEFAULT CHARSET=utf8mb4 COLLATE=utf8mb4_unicode_ci;

#
# Data for table "manage_group"
#

INSERT INTO `manage_group` VALUES (1,'超级管理员','all',1,1514180157,0),(3,'普通管理员','54,55,56,58,60,93,94,65,71,73,74,75,76,100,103,104,105,101,84,85,88,90,91,92,99',0,1522137703,1524145597);

#
# Structure for table "manage_menu"
#

DROP TABLE IF EXISTS `manage_menu`;
CREATE TABLE `manage_menu` (
  `id` int(10) unsigned NOT NULL AUTO_INCREMENT,
  `path` varchar(100) COLLATE utf8mb4_unicode_ci NOT NULL,
  `level` tinyint(4) NOT NULL,
  `sort` int(11) NOT NULL,
  `parent_id` int(11) DEFAULT NULL,
  PRIMARY KEY (`id`)
) ENGINE=InnoDB AUTO_INCREMENT=1000 DEFAULT CHARSET=utf8mb4 COLLATE=utf8mb4_unicode_ci;

#
# Data for table "manage_menu"
#

INSERT INTO `manage_menu` VALUES (54,'内容管理',1,5,0),(55,'内容管理|文章管理',2,5,54),(56,'内容管理|文章管理@添加文章',3,0,55),(58,'内容管理|文章管理@编辑文章',3,0,55),(60,'内容管理|文章管理@删除文章',3,0,55),(61,'系统配置',1,1,0),(62,'系统配置|网站配置',2,1,61),(63,'系统配置|参数配置',2,0,61),(64,'系统配置|网站配置@修改配置',3,0,62),(65,'权限管理',1,2,0),(66,'权限管理|分组管理',2,2,65),(67,'权限管理|分组管理@添加分组',3,0,66),(68,'权限管理|分组管理@编辑分组',3,0,66),(69,'权限管理|分组管理@删除分组',3,0,66),(70,'权限管理|分组管理@强制删除分组',3,0,66),(71,'权限管理|用户管理',2,1,65),(72,'权限管理|用户管理@添加用户',3,0,71),(73,'权限管理|用户管理@编辑用户',3,0,71),(74,'权限管理|用户管理@禁用用户',3,0,71),(75,'权限管理|用户管理@解禁用户',3,0,71),(76,'交易市场',1,4,0),(78,'产品管理',1,3,0),(80,'产品管理|能源发生器列表',2,0,78),(81,'产品管理|能源发生器列表@上架魔盒',3,0,80),(82,'产品管理|魔盒列表@编辑魔盒',3,0,80),(83,'产品管理|魔盒列表@下架魔盒',3,0,80),(84,'会员管理',1,1,0),(85,'会员管理|会员列表',2,1,84),(87,'会员管理|会员列表@添加会员',3,0,85),(88,'会员管理|会员列表@编辑会员',3,0,85),(89,'会员管理|会员列表@充值魔石',3,0,85),(90,'会员管理|会员列表@禁用会员',3,0,85),(91,'会员管理|会员列表@解禁会员',3,0,85),(92,'会员管理|会员列表@认证会员',3,0,85),(93,'内容管理|反馈列表',2,0,54),(94,'内容管理|反馈列表@删除留言',3,0,93),(95,'系统配置|交易配置',2,0,61),(96,'系统配置|日志列表',2,0,61),(97,'交易市场|订单管理@求购订单',3,4,77),(98,'交易市场|订单管理@出售订单',3,0,77),(99,'会员管理|能源发生器明细',2,0,84),(100,'交易市场|求购订单',2,4,76),(101,'交易市场|出售订单',2,0,76),(102,'会员管理|充值明细',2,0,84),(103,'交易市场|出售订单@订单详细',3,0,100),(104,'交易市场|出售订单@取消订单',3,0,100),(105,'交易市场|出售订单@确认收款',3,0,100),(106,'会员管理|会员列表@充值魔盒',3,0,85),(107,'会员管理|会员列表@手动升级',3,0,85),(500,'系统配置|任务管理',2,33,61),(999,'系统配置|轮播图',2,33,61);

#
# Structure for table "manage_power"
#

DROP TABLE IF EXISTS `manage_power`;
CREATE TABLE `manage_power` (
  `id` int(10) unsigned NOT NULL AUTO_INCREMENT,
  `path` varchar(100) COLLATE utf8mb4_unicode_ci NOT NULL,
  `method` varchar(10) COLLATE utf8mb4_unicode_ci NOT NULL,
  `url` varchar(50) COLLATE utf8mb4_unicode_ci NOT NULL DEFAULT '',
  `menu_id` int(11) NOT NULL,
  PRIMARY KEY (`id`)
) ENGINE=InnoDB AUTO_INCREMENT=10001 DEFAULT CHARSET=utf8mb4 COLLATE=utf8mb4_unicode_ci;

#
# Data for table "manage_power"
#

INSERT INTO `manage_power` VALUES (58,'/admin/article/index','GET','',55),(59,'/admin/article/create','GET','',56),(60,'/admin/article/edit','GET','',58),(61,'/admin/article/save','POST','',56),(62,'/admin/article/update','POST','',58),(63,'/admin/article/delete','POST','',60),(64,'/admin/config/index','GET','',62),(65,'/admin/config/show','GET','',63),(66,'/admin/config/save','POST','',64),(67,'/admin/group/index','GET','',66),(68,'/admin/group/create','GET','',67),(69,'/admin/group/edit','GET','',68),(70,'/admin/group/save','POST','',67),(71,'/admin/group/update','POST','',68),(72,'/admin/group/delete','POST','',69),(73,'/admin/group/force','POST','',70),(74,'/admin/manage/index','GET','',71),(75,'/admin/manage/create','GET','',72),(76,'/admin/manage/edit','GET','',73),(77,'/admin/manage/save','POST','',72),(78,'/admin/manage/update','GET','',73),(79,'/admin/manage/delete','POST','',74),(80,'/admin/manage/unforbidden','POST','',75),(81,'/admin/order/index','GET','',100),(82,'/admin/product/index','GET','',80),(83,'/admin/product/downShelve','POST','',81),(84,'/admin/product/edit','GET','',82),(85,'/admin/product/shelve','POST','',83),(86,'/admin/product/update','POST','',82),(87,'/admin/user/index','GET','',85),(88,'/admin/user/magicList','GET','',86),(89,'/admin/user/create','GET','',87),(90,'/admin/user/edit','GET','',88),(91,'/admin/user/recharge','GET','',89),(92,'/admin/user/saveRecharge','POST','',89),(93,'/admin/user/save','POST','',87),(94,'/admin/user/update','POST','',88),(95,'/admin/user/delete','POST','',90),(96,'/admin/user/unforbidden','POST','',91),(97,'/admin/user/certification','GET','',92),(98,'/admin/user/certificationPass','POST','',92),(99,'/admin/article/messageList','GET','',93),(100,'/admin/article/deleteMsg','GET','',94),(101,'/admin/config/market','GET','',95),(102,'/admin/config/logList','GET','',96),(103,'/admin/order/show','GET','',101),(104,'/admin/user/magicboxlist','GET','',99),(105,'/admin/user/magicList','GET','',102),(106,'/admin/order/detail','GET','',103),(107,'/admin/order/delete','POST','',104),(108,'/admin/order/update','POST','',105),(109,'/admin/user/rechargemagic','GET','',106),(110,'/admin/user/saveMagic','POST','',89),(111,'/admin/user/level','POST','',107),(9999,'/admin/config/sl','GET','',999),(10000,'/admin/config/task','GET','',500);

#
# Structure for table "manage_user"
#

DROP TABLE IF EXISTS `manage_user`;
CREATE TABLE `manage_user` (
  `id` int(10) unsigned NOT NULL AUTO_INCREMENT,
  `manage_name` varchar(30) COLLATE utf8mb4_unicode_ci NOT NULL COMMENT '用户名',
  `password` varchar(32) COLLATE utf8mb4_unicode_ci NOT NULL COMMENT '密码',
  `password_salt` varchar(22) COLLATE utf8mb4_unicode_ci NOT NULL COMMENT '密码盐',
  `is_default` tinyint(4) NOT NULL DEFAULT '0' COMMENT '是否是默认用户',
  `forbidden_time` int(11) NOT NULL DEFAULT '0' COMMENT '禁用时间',
  `create_time` int(11) NOT NULL DEFAULT '0',
  `update_time` int(11) NOT NULL DEFAULT '0',
  PRIMARY KEY (`id`)
) ENGINE=InnoDB AUTO_INCREMENT=2 DEFAULT CHARSET=utf8mb4 COLLATE=utf8mb4_unicode_ci;

#
# Data for table "manage_user"
#

INSERT INTO `manage_user` VALUES (1,'admin','7ad7a09fd97be81d23bd59e32614627f','admin',1,0,1514180157,0);

#
# Structure for table "manage_user_group"
#

DROP TABLE IF EXISTS `manage_user_group`;
CREATE TABLE `manage_user_group` (
  `id` int(10) unsigned NOT NULL AUTO_INCREMENT,
  `user_id` int(11) NOT NULL,
  `group_id` int(11) NOT NULL,
  PRIMARY KEY (`id`)
) ENGINE=InnoDB AUTO_INCREMENT=21 DEFAULT CHARSET=utf8mb4 COLLATE=utf8mb4_unicode_ci;

#
# Data for table "manage_user_group"
#

INSERT INTO `manage_user_group` VALUES (1,1,1),(15,3,3),(16,4,3),(17,5,1),(20,2,3);

#
# Structure for table "market_price"
#

DROP TABLE IF EXISTS `market_price`;
CREATE TABLE `market_price` (
  `id` int(11) unsigned NOT NULL AUTO_INCREMENT,
  `price` decimal(12,2) NOT NULL,
  `creates_time` int(11) NOT NULL,
  PRIMARY KEY (`id`)
) ENGINE=InnoDB AUTO_INCREMENT=73 DEFAULT CHARSET=utf8;

#
# Data for table "market_price"
#

INSERT INTO `market_price` VALUES (51,0.18,1527837216),(52,0.21,1527869034),(53,0.25,1527964936),(54,0.30,1529157264),(55,0.36,1529165057),(56,0.39,1529254983),(57,0.42,1529489540),(58,0.46,1529579835),(59,0.46,1529599690),(60,0.41,1529690044),(61,0.43,1529813929),(62,0.45,1529859097),(63,0.47,1529944767),(64,0.49,1531662461),(65,0.51,1531672269),(66,0.53,1531811868),(67,0.55,1531986142),(68,0.57,1532076840),(69,0.59,1533093085),(70,0.61,1533359092),(71,0.62,1562855772),(72,0.63,1562935156);

#
# Structure for table "message"
#

DROP TABLE IF EXISTS `message`;
CREATE TABLE `message` (
  `message_id` int(11) NOT NULL AUTO_INCREMENT,
  `content` text COMMENT '内容',
  `create_time` int(11) DEFAULT NULL COMMENT '记录时间',
  `user_id` int(11) DEFAULT NULL COMMENT '用户id',
  `reply` text,
  PRIMARY KEY (`message_id`)
) ENGINE=InnoDB AUTO_INCREMENT=2 DEFAULT CHARSET=utf8;

#
# Data for table "message"
#

INSERT INTO `message` VALUES (1,'怎么认证通不过',1529245888,32702,NULL);

#
# Structure for table "order_comment"
#

DROP TABLE IF EXISTS `order_comment`;
CREATE TABLE `order_comment` (
  `id` int(11) unsigned NOT NULL AUTO_INCREMENT,
  `order_id` int(11) unsigned NOT NULL,
  `user_id` int(11) unsigned NOT NULL,
  `star` int(11) unsigned NOT NULL,
  `create_time` int(11) unsigned NOT NULL,
  PRIMARY KEY (`id`),
  KEY `user_id` (`user_id`)
) ENGINE=MyISAM AUTO_INCREMENT=1136 DEFAULT CHARSET=utf8;

#
# Data for table "order_comment"
#

/*!40000 ALTER TABLE `order_comment` DISABLE KEYS */;
INSERT INTO `order_comment` VALUES (1120,2,32699,5,1529230438),(1121,7,32701,5,1529245775),(1122,6,32701,5,1529294257),(1123,9,32698,5,1529294947),(1124,6,32701,5,1529294954),(1125,6,32701,5,1529294956),(1126,10,32698,5,1529298000),(1127,10,32698,5,1529298011),(1128,10,32698,5,1529298021),(1129,11,32700,5,1529298427),(1131,16,32707,5,1529819924),(1132,21,32708,5,1529828370),(1133,10,32698,5,1532232189),(1134,10,32698,5,1533133120),(1135,6,32701,5,1533133186);
/*!40000 ALTER TABLE `order_comment` ENABLE KEYS */;

#
# Structure for table "orders"
#

DROP TABLE IF EXISTS `orders`;
CREATE TABLE `orders` (
  `id` int(11) unsigned NOT NULL AUTO_INCREMENT,
  `order_number` varchar(30) NOT NULL COMMENT 'orderid',
  `user_id` int(11) unsigned NOT NULL COMMENT '用户ID',
  `number` int(11) unsigned NOT NULL COMMENT '数量',
  `price` decimal(12,2) unsigned NOT NULL COMMENT '单价',
  `create_time` int(11) unsigned NOT NULL DEFAULT '0' COMMENT '发布时间',
  `target_user_id` int(11) unsigned NOT NULL DEFAULT '0' COMMENT '对方ID',
  `match_time` int(11) unsigned NOT NULL DEFAULT '0' COMMENT '匹配时间',
  `image` varchar(200) DEFAULT NULL COMMENT '图片',
  `pay_time` int(11) unsigned NOT NULL DEFAULT '0' COMMENT '支付时间',
  `finish_time` int(11) unsigned DEFAULT '0' COMMENT '完成时间',
  `status` tinyint(3) unsigned NOT NULL DEFAULT '1' COMMENT '状态',
  `charge_number` decimal(12,8) unsigned NOT NULL DEFAULT '0.00000000' COMMENT '手续费',
  `is_comment` tinyint(1) unsigned NOT NULL DEFAULT '0' COMMENT '是否评论',
  `types` tinyint(1) unsigned NOT NULL DEFAULT '1' COMMENT '1：买入，2：卖出',
  `total_price` decimal(12,2) unsigned NOT NULL COMMENT '总的价格。美元',
  `total_price_china` decimal(12,2) unsigned NOT NULL COMMENT '总的价格。人民币',
  PRIMARY KEY (`id`),
  UNIQUE KEY `order_number` (`order_number`),
  KEY `user_id` (`user_id`),
  KEY `target_user_id` (`target_user_id`),
  KEY `status` (`status`),
  KEY `types` (`types`)
) ENGINE=InnoDB AUTO_INCREMENT=27 DEFAULT CHARSET=utf8;

#
# Data for table "orders"
#

INSERT INTO `orders` VALUES (2,'2018061732699180829',32699,100,0.36,1529230109,32700,1529230317,'/uploads/20180617/8b65383f7063d4b2b03cfe8a7bb0c17f.jpg',1529230362,1529230379,4,30.00000000,1,2,36.00,252.00),(4,'2018061732698213217',32698,100,0.30,1529242337,32701,1529243793,'/uploads/20180617/7e1de268eaddd43d7b9a3d856045fd08.png',1529244121,1529244139,4,30.00000000,0,1,30.00,210.00),(6,'2018061732701220426',32701,15,0.30,1529244266,32699,1529244418,'/uploads/20180617/29d1192b30b40b4e7552e8b36cab1c3b.jpg',1529244693,1529244830,4,4.50000000,0,1,4.50,31.50),(7,'2018061732701221456',32701,600,0.30,1529244896,32702,1529245639,'/uploads/20180617/c0d737bd2fcfd099ad5b4bfbf843d07e.jpg',1529245728,1529245753,4,180.00000000,1,2,180.00,1260.00),(9,'2018061832698120708',32698,1000,0.39,1529294828,32699,1529294881,'/uploads/20180618/e11d82870917a1e546be8381385cd8ec.png',1529294928,1529294937,4,300.00000000,1,1,390.00,2730.00),(10,'2018061832698125809',32698,1000,0.39,1529297889,32699,1529297960,'/uploads/20180618/bdf498468d3693a1c6e0ae06ae797128.png',1529297980,1529297991,4,300.00000000,0,1,390.00,2730.00),(11,'2018061832700130555',32700,1000,0.39,1529298355,32699,1529298381,'/uploads/20180618/c006e44eca5a2357f4641b906824e41a.jpg',1529298406,1529298416,4,300.00000000,1,1,390.00,2730.00),(16,'2018062432707134939',32707,100,0.43,1529819379,32708,1529819722,'/uploads/20180624/4dcbbae7e503ea068a7fc54905165f90.JPG',1529819832,1529819885,4,30.00000000,1,2,43.00,301.00),(20,'2018062432708144545',32708,100,0.43,1529822745,32707,1529822851,'/uploads/20180624/ef87eef232153dcbd80110e70413ff8b.JPG',1529823059,1529823476,4,30.00000000,0,1,43.00,279.50),(21,'2018062432708145918',32708,100,0.43,1529823558,32707,1529823621,'/uploads/20180624/c90360ab2813a42f37a982c97ed08e20.JPG',1529823986,1529824019,4,30.00000000,1,1,43.00,279.50),(25,'2018062432707154735',32707,100,0.43,1529826455,0,0,NULL,0,0,1,30.00000000,0,1,43.00,279.50),(26,'2018062432708154807',32708,100,0.41,1529826487,0,0,NULL,0,0,1,30.00000000,0,1,41.00,266.50);

#
# Structure for table "product"
#

DROP TABLE IF EXISTS `product`;
CREATE TABLE `product` (
  `id` tinyint(3) unsigned NOT NULL AUTO_INCREMENT,
  `product_name` varchar(30) NOT NULL,
  `price` decimal(10,2) NOT NULL,
  `period` int(11) NOT NULL COMMENT '周期',
  `rate_min` decimal(12,5) NOT NULL,
  `rate_max` decimal(12,5) NOT NULL COMMENT '开采率',
  `yield_min` decimal(12,5) NOT NULL COMMENT '最小产量',
  `yield_max` decimal(12,5) NOT NULL COMMENT '最大产量',
  `status` tinyint(1) NOT NULL DEFAULT '1' COMMENT '1:上架：0：下架',
  `image_url` varchar(255) NOT NULL,
  `jewel_price` decimal(10,2) DEFAULT NULL COMMENT '宝石价格',
  PRIMARY KEY (`id`)
) ENGINE=InnoDB AUTO_INCREMENT=5 DEFAULT CHARSET=utf8;

#
# Data for table "product"
#

INSERT INTO `product` VALUES (1,'小型矿机',10.00,30,0.01000,0.01100,0.44000,0.44000,1,'/static/img/mh1.png',NULL),(2,'中型源能发生器',100.00,60,0.10000,0.11000,2.00000,2.00000,1,'/static/img/mh2.png',NULL),(3,'大型源能发生器',1000.00,60,1.00000,1.30000,21.67000,21.67000,1,'/static/img/mh3.png',NULL),(4,'巨型源能发生器',6500.00,60,10.00000,14.00000,151.66000,151.67000,1,'/static/img/mh4.png',NULL);

#
# Structure for table "sl"
#

DROP TABLE IF EXISTS `sl`;
CREATE TABLE `sl` (
  `id` int(11) NOT NULL AUTO_INCREMENT,
  `types` int(11) DEFAULT NULL,
  `img` varchar(255) DEFAULT NULL,
  `addtime` varchar(250) DEFAULT NULL,
  `url` varchar(255) DEFAULT NULL,
  `zt` varchar(255) DEFAULT '1' COMMENT '1',
  PRIMARY KEY (`id`)
) ENGINE=MyISAM AUTO_INCREMENT=16 DEFAULT CHARSET=utf8;

#
# Data for table "sl"
#

/*!40000 ALTER TABLE `sl` DISABLE KEYS */;
INSERT INTO `sl` VALUES (14,1,'/uploads/20190712\\685224215b890872f4b945826584b1de.jpg','2019-07-12 11:31:12','https://m.toutiao.com/?W2atIF=1','1'),(15,1,'/uploads/20190712\\51887ae8960d412ab6308292cc1bff9e.jpg','2019-07-12 11:31:45','https://m.toutiao.com/?W2atIF=1','1');
/*!40000 ALTER TABLE `sl` ENABLE KEYS */;

#
# Structure for table "task"
#

DROP TABLE IF EXISTS `task`;
CREATE TABLE `task` (
  `id` int(11) NOT NULL AUTO_INCREMENT,
  `types` varchar(11) DEFAULT NULL,
  `img` varchar(255) DEFAULT NULL,
  `addtime` varchar(250) DEFAULT NULL,
  `url` varchar(255) DEFAULT NULL,
  `zt` varchar(255) DEFAULT '1' COMMENT '1',
  PRIMARY KEY (`id`)
) ENGINE=MyISAM AUTO_INCREMENT=14 DEFAULT CHARSET=utf8;

#
# Data for table "task"
#

/*!40000 ALTER TABLE `task` DISABLE KEYS */;
INSERT INTO `task` VALUES (12,'今日头条','/uploads/20190712\\62a536ea33e5ea50ac8b383e132aafd0.jpg','2019-07-12 11:50:00','https://m.toutiao.com/?W2atIF=11','1'),(13,'今日头条','/uploads/20190712\\d53f119d601f2400b677c3be7b1175ad.jpg','2019-07-12 11:51:15','https://m.toutiao.com/?W2atIF=11','1');
/*!40000 ALTER TABLE `task` ENABLE KEYS */;

#
# Structure for table "user"
#

DROP TABLE IF EXISTS `user`;
CREATE TABLE `user` (
  `id` int(11) unsigned NOT NULL AUTO_INCREMENT COMMENT '会员id',
  `avatar` varchar(255) DEFAULT NULL COMMENT '会员头像地址',
  `mobile` char(15) NOT NULL COMMENT '电话号',
  `nick_name` varchar(255) NOT NULL COMMENT '会员昵称',
  `password` varchar(50) NOT NULL COMMENT '登陆密码',
  `trad_password` varchar(50) NOT NULL COMMENT '交易密码',
  `level` int(11) NOT NULL DEFAULT '1' COMMENT '等级id',
  `wx` varchar(255) DEFAULT NULL COMMENT '微信号',
  `zfb` varchar(255) DEFAULT NULL COMMENT '支付宝',
  `card_name` varchar(255) DEFAULT NULL COMMENT '银行名称',
  `card` varchar(50) DEFAULT NULL COMMENT '银行卡号',
  `pid` int(11) DEFAULT '0' COMMENT '父id',
  `magic` decimal(16,8) DEFAULT '0.00000000' COMMENT '魔石数量',
  `register_time` int(11) NOT NULL COMMENT '注册时间',
  `register_ip` varchar(255) NOT NULL,
  `login_ip` varchar(255) DEFAULT NULL COMMENT '最后一次登陆ip',
  `real_name` varchar(255) DEFAULT NULL COMMENT '真实名称',
  `card_id` varchar(50) DEFAULT NULL COMMENT '身份证号',
  `card_right` varchar(255) DEFAULT NULL COMMENT '身份证正面图片',
  `card_left` varchar(255) DEFAULT NULL COMMENT '身份证反面',
  `is_certification` int(11) NOT NULL DEFAULT '-1' COMMENT '是否认证 -1 未认证 1 已认证 2认证失败',
  `login_time` int(11) NOT NULL DEFAULT '0',
  `status` int(11) NOT NULL DEFAULT '1' COMMENT '会员账号状态  -1 禁用 1 正常',
  `forbidden_time` int(11) NOT NULL DEFAULT '0' COMMENT '禁用时间',
  `product_rate` decimal(12,5) NOT NULL DEFAULT '0.00000' COMMENT '开采率',
  `wx_image_url` varchar(255) DEFAULT NULL COMMENT '微信图片地址',
  `zfb_image_url` varchar(255) DEFAULT NULL COMMENT '支付宝二维码图片',
  `comment_rate` decimal(10,2) NOT NULL DEFAULT '0.00' COMMENT '评价率',
  `certification_fail` text COMMENT '认证失败原因',
  `jewel` decimal(10,8) unsigned NOT NULL DEFAULT '0.00000000' COMMENT '宝石',
  PRIMARY KEY (`id`),
  UNIQUE KEY `mobile` (`mobile`),
  KEY `pid` (`pid`),
  KEY `register_time` (`register_time`),
  KEY `status` (`status`)
) ENGINE=InnoDB AUTO_INCREMENT=32711 DEFAULT CHARSET=utf8;

#
# Data for table "user"
#

INSERT INTO `user` VALUES (32698,'/uploads/20180616/24eb5f6930c64a9e49d9bbec235039f5.png','13812345678','Coincms','653e7710db9484aec0247f233790e74d','653e7710db9484aec0247f233790e74d',3,'13812345678','13812345678','13812345678','13812345678',0,21196.43669326,1527835429,'127.0.0.1',NULL,'Coincms','13812345678',NULL,NULL,1,0,1,0,13.15000,NULL,NULL,100.00,NULL,0.00000000),(32699,'/uploads/20180617/25c5701fafc740ab68953665bedaa122.jpg','18951258751','byefox','653e7710db9484aec0247f233790e74d','653e7710db9484aec0247f233790e74d',2,NULL,NULL,NULL,NULL,32698,119359.39396263,1529222205,'117.92.92.133',NULL,'王敏','320722198505282339','/uploads/20180617/b1070311578ba7f53063325cbbd768e7.jpg','/uploads/20180617/a8763064b8c6f9bcf098aad66f7880a3.jpg',1,0,1,0,16.92550,NULL,NULL,100.00,'',0.00000000),(32700,'/uploads/20180617/653765700a987b39d407edcdf0e49f0a.jpg','15951275073','魔盒','653e7710db9484aec0247f233790e74d','653e7710db9484aec0247f233790e74d',2,NULL,NULL,NULL,NULL,32699,3798.88400739,1529230268,'117.92.92.133',NULL,NULL,NULL,NULL,NULL,1,0,1,0,0.21000,NULL,NULL,100.00,'',0.00000000),(32701,NULL,'13217240008','强爷','653e7710db9484aec0247f233790e74d','653e7710db9484aec0247f233790e74d',1,'12586','123456',NULL,NULL,32698,117.77429734,1529241130,'27.25.127.187',NULL,'张强','420881123456','/uploads/20180617/9ed4986c3ff4c0679b05e679b4391a31.jpg','/uploads/20180617/d84dc255be3c2d896eb3e259ab7517a0.jpg',1,0,1,0,0.00000,'/uploads/20180617/0a1071865e8a7c6dd7fe95f229de5d1f.jpg',NULL,100.00,'不是本人',0.00000000),(32702,NULL,'13337480111','斌爷','653e7710db9484aec0247f233790e74d','653e7710db9484aec0247f233790e74d',1,'','','湖北武汉分行','61234885114789125',32701,612.77309487,1529245157,'122.191.145.18',NULL,'斌爷','420881199009153312','/uploads/20180617/323d42e9ff6a4f728080885bffdc78cb.jpg','/uploads/20180617/56c6df8f6066220b7ec9f7710dc219ec.jpg',1,0,1,0,0.00000,NULL,NULL,0.00,'',0.00000000),(32704,NULL,'14444444444','Sk123','653e7710db9484aec0247f233790e74d','653e7710db9484aec0247f233790e74d',1,'','','','',0,5461.94849827,1529499394,'223.211.94.52',NULL,'','',NULL,NULL,1,0,1,0,12.21000,NULL,NULL,0.00,NULL,0.00000000),(32706,NULL,'15222222222','2a2','653e7710db9484aec0247f233790e74d','653e7710db9484aec0247f233790e74d',1,'','','','',0,0.00000000,1529818763,'223.211.94.154',NULL,'张三','4122334545768906',NULL,NULL,1,0,1,0,0.00000,NULL,NULL,0.00,NULL,0.00000000),(32707,NULL,'17081161684','大','653e7710db9484aec0247f233790e74d','653e7710db9484aec0247f233790e74d',1,'','','','',0,1324.46343129,1529818887,'223.211.94.154',NULL,'张四','4382949589607857',NULL,NULL,1,0,1,0,1.25500,NULL,NULL,100.00,NULL,0.00000000),(32708,NULL,'15156021697','MT','653e7710db9484aec0247f233790e74d','653e7710db9484aec0247f233790e74d',1,'','','','',0,268.84591774,1529818969,'223.211.94.154',NULL,'刘五','4263746655773634',NULL,NULL,-1,0,1,0,0.10500,NULL,NULL,100.00,NULL,0.00000000),(32709,NULL,'17605247335','123456','653e7710db9484aec0247f233790e74d','653e7710db9484aec0247f233790e74d',1,'','','','',0,0.00000000,1529905258,'117.92.98.184',NULL,'','',NULL,NULL,-1,0,1,0,0.00000,NULL,NULL,0.00,NULL,0.00000000),(32710,NULL,'15951255073','123456','653e7710db9484aec0247f233790e74d','653e7710db9484aec0247f233790e74d',1,'','','','',0,0.00000000,1529997759,'117.92.95.177',NULL,'','',NULL,NULL,-1,0,1,0,0.00000,NULL,NULL,0.00,NULL,0.00000000);

#
# Structure for table "user_count"
#

DROP TABLE IF EXISTS `user_count`;
CREATE TABLE `user_count` (
  `id` int(11) NOT NULL AUTO_INCREMENT,
  `user_id` int(11) NOT NULL COMMENT '会员id',
  `total` int(11) NOT NULL DEFAULT '0' COMMENT '开采人数',
  `rate` decimal(12,5) DEFAULT '0.00000' COMMENT '开采率',
  PRIMARY KEY (`id`),
  UNIQUE KEY `user_id` (`user_id`)
) ENGINE=InnoDB DEFAULT CHARSET=utf8 COMMENT='会员团队数据统计表';

#
# Data for table "user_count"
#


#
# Structure for table "user_invite_code"
#

DROP TABLE IF EXISTS `user_invite_code`;
CREATE TABLE `user_invite_code` (
  `id` int(11) unsigned NOT NULL AUTO_INCREMENT,
  `user_id` int(11) unsigned DEFAULT NULL,
  `invite_code` char(20) NOT NULL,
  PRIMARY KEY (`id`),
  UNIQUE KEY `invite_code` (`invite_code`),
  UNIQUE KEY `user_id` (`user_id`)
) ENGINE=InnoDB AUTO_INCREMENT=32698 DEFAULT CHARSET=utf8;

#
# Data for table "user_invite_code"
#

INSERT INTO `user_invite_code` VALUES (32685,32698,'QNwtBctH32698'),(32686,32699,'6KXsGiVL32699'),(32687,32700,'4xQrAHBA32700'),(32688,32701,'bDYq4F6F32701'),(32689,32702,'XUcBtAoy32702'),(32691,32704,'j1fbCeB532704'),(32693,32706,'r7nuU1ro32706'),(32694,32707,'f5S3oflU32707'),(32695,32708,'iK0cU1Ph32708'),(32696,32709,'fNhRpDF732709'),(32697,32710,'t00yDOZy32710');

#
# Structure for table "user_jewel_log"
#

DROP TABLE IF EXISTS `user_jewel_log`;
CREATE TABLE `user_jewel_log` (
  `id` int(11) unsigned NOT NULL AUTO_INCREMENT COMMENT '主键',
  `user_id` int(11) NOT NULL COMMENT '用户id',
  `jewel` decimal(16,8) NOT NULL COMMENT '变化的魔石',
  `old` decimal(16,8) NOT NULL COMMENT '原来的魔石',
  `new` decimal(16,8) NOT NULL COMMENT '变化后的魔石',
  `remark` varchar(255) NOT NULL COMMENT '备注',
  `create_time` int(11) NOT NULL COMMENT '创建时间',
  PRIMARY KEY (`id`),
  KEY `user_id` (`user_id`)
) ENGINE=MyISAM AUTO_INCREMENT=517 DEFAULT CHARSET=utf8;

#
# Data for table "user_jewel_log"
#

/*!40000 ALTER TABLE `user_jewel_log` DISABLE KEYS */;
/*!40000 ALTER TABLE `user_jewel_log` ENABLE KEYS */;

#
# Structure for table "user_magic_log"
#

DROP TABLE IF EXISTS `user_magic_log`;
CREATE TABLE `user_magic_log` (
  `id` int(11) unsigned NOT NULL AUTO_INCREMENT COMMENT '主键',
  `user_id` int(11) NOT NULL COMMENT '用户id',
  `magic` decimal(16,8) NOT NULL COMMENT '变化的魔石',
  `old` decimal(16,8) NOT NULL COMMENT '原来的魔石',
  `new` decimal(16,8) NOT NULL COMMENT '变化后的魔石',
  `remark` varchar(255) NOT NULL COMMENT '备注',
  `types` tinyint(1) NOT NULL DEFAULT '1',
  `create_time` int(11) NOT NULL COMMENT '创建时间',
  PRIMARY KEY (`id`),
  KEY `user_id` (`user_id`),
  KEY `type` (`types`)
) ENGINE=MyISAM AUTO_INCREMENT=1095446 DEFAULT CHARSET=utf8;

#
# Data for table "user_magic_log"
#

/*!40000 ALTER TABLE `user_magic_log` DISABLE KEYS */;
INSERT INTO `user_magic_log` VALUES (1094472,32698,10000.00000000,0.00000000,10000.00000000,'系统充值',1,1527839517),(1094473,32698,-10.00000000,10000.00000000,9990.00000000,'购买能源发生器',2,1527839527),(1094474,32698,-6500.00000000,9990.00000000,3490.00000000,'购买能源发生器',2,1527839532),(1094475,32698,-10.00000000,3490.00000000,3480.00000000,'购买能源发生器',2,1527869044),(1094476,32698,6.76249538,3480.00000000,3486.76249538,'魔盒[839527326981]收益1天',5,1529224704),(1094477,32698,2326.35962527,3486.76249538,5813.12212065,'魔盒[839532326984]收益1天',5,1529224704),(1094478,32698,6.61138502,5813.12212065,5819.73350567,'魔盒[869044326981]收益1天',5,1529224704),(1094479,32699,-0.29272403,0.00000000,-0.29272403,'魔盒[222205326991]收益1天',5,1529224704),(1094480,32699,1000.00000000,-0.29272403,999.70727597,'系统充值',1,1529230057),(1094481,32699,-130.00000000,999.70727597,869.70727597,'卖出交易',3,1529230109),(1094482,32700,100.00000000,0.00000000,100.00000000,'买入交易成功',3,1529230379),(1094483,32700,-100.00000000,100.00000000,0.00000000,'购买能源发生器',2,1529230526),(1094484,32699,0.50000000,869.70727597,870.20727597,'4',4,1529230526),(1094485,32699,123456.00000000,870.20727597,124326.20727597,'系统充值123',1,1529232202),(1094486,32701,1000.00000000,0.00000000,1000.00000000,'系统充值',1,1529242268),(1094487,32701,-130.00000000,1000.00000000,870.00000000,'卖出交易',3,1529243793),(1094488,32698,100.00000000,5819.73350567,5919.73350567,'买入交易成功',3,1529244139),(1094489,32699,-19.50000000,124326.20727597,124306.70727597,'卖出交易',3,1529244418),(1094490,32701,15.00000000,870.00000000,885.00000000,'买入交易成功',3,1529244830),(1094491,32701,-780.00000000,885.00000000,105.00000000,'卖出交易',3,1529244896),(1094492,32702,600.00000000,0.00000000,600.00000000,'买入交易成功',3,1529245753),(1094493,32698,0.44032040,5919.73350567,5920.17382607,'魔盒[839527326981]收益2天',5,1529251261),(1094494,32698,151.66550660,5920.17382607,6071.83933267,'魔盒[839532326984]收益2天',5,1529251261),(1094495,32698,0.44070110,6071.83933267,6072.28003377,'魔盒[869044326981]收益2天',5,1529251261),(1094496,32699,0.44078880,124306.70727597,124307.14806477,'魔盒[222205326991]收益2天',5,1529251262),(1094497,32700,0.10681247,0.00000000,0.10681247,'魔盒[230268327001]收益1天',5,1529251262),(1094498,32700,0.47867044,0.10681247,0.58548291,'魔盒[230526327002]收益1天',5,1529251262),(1094499,32701,0.05132662,105.00000000,105.05132662,'魔盒[241130327011]收益1天',5,1529251262),(1094500,32702,0.03079430,600.00000000,600.03079430,'魔盒[245157327021]收益1天',5,1529251262),(1094501,32699,-1300.00000000,124307.14806477,123007.14806477,'卖出交易',3,1529294881),(1094502,32698,1000.00000000,6072.28003377,7072.28003377,'买入交易成功',3,1529294937),(1094503,32698,54.45000000,7072.28003377,7126.73003377,'全网联盟分红',6,1529295549),(1094504,32699,-1300.00000000,123007.14806477,121707.14806477,'卖出交易',3,1529297960),(1094505,32698,1000.00000000,7126.73003377,8126.73003377,'买入交易成功',3,1529297991),(1094506,32698,84.45000000,8126.73003377,8211.18003377,'全网联盟分红',6,1529298048),(1094507,32698,84.45000000,8211.18003377,8295.63003377,'全网联盟分红',6,1529298071),(1094508,32699,-1300.00000000,121707.14806477,120407.14806477,'卖出交易',3,1529298381),(1094509,32700,1000.00000000,0.58548291,1000.58548291,'买入交易成功',3,1529298416),(1094510,32698,114.45000000,8295.63003377,8410.08003377,'全网联盟分红',6,1529298455),(1094511,32699,57.22500000,120407.14806477,120464.37306477,'全网联盟分红',6,1529298455),(1094512,32700,57.22500000,1000.58548291,1057.81048291,'全网联盟分红',6,1529298455),(1094513,32698,0.44038880,8410.08003377,8410.52042257,'魔盒[839527326981]收益3天',5,1529337661),(1094514,32698,151.66555160,8410.52042257,8562.18597417,'魔盒[839532326984]收益3天',5,1529337661),(1094515,32698,0.44072000,8562.18597417,8562.62669417,'魔盒[869044326981]收益3天',5,1529337661),(1094516,32699,0.44028770,120464.37306477,120464.81335247,'魔盒[222205326991]收益3天',5,1529337661),(1094517,32700,0.44068650,1057.81048291,1058.25116941,'魔盒[230268327001]收益2天',5,1529337661),(1094518,32700,2.00027930,1058.25116941,1060.25144871,'魔盒[230526327002]收益2天',5,1529337661),(1094519,32701,0.44040430,105.05132662,105.49173092,'魔盒[241130327011]收益2天',5,1529337661),(1094520,32702,0.44031240,600.03079430,600.47110670,'魔盒[245157327021]收益2天',5,1529337661),(1094521,32698,10.76714319,8562.62669417,8573.39383736,'魔盒[294671326983]收益1天',5,1529337661),(1094522,32700,0.90924055,1060.25144871,1061.16068926,'魔盒[298331327002]收益1天',5,1529337661),(1094523,32699,0.90887745,120464.81335247,120465.72222992,'魔盒[298345326992]收益1天',5,1529337661),(1094524,32698,114.45000000,8573.39383736,8687.84383736,'全网联盟分红',6,1529344801),(1094525,32699,57.22500000,120465.72222992,120522.94722992,'全网联盟分红',6,1529344801),(1094526,32700,57.22500000,1061.16068926,1118.38568926,'全网联盟分红',6,1529344801),(1094527,32698,0.44010560,8687.84383736,8688.28394296,'魔盒[839527326981]收益4天',5,1529424061),(1094528,32698,151.66515660,8688.28394296,8839.94909956,'魔盒[839532326984]收益4天',5,1529424061),(1094529,32698,0.44040350,8839.94909956,8840.38950306,'魔盒[869044326981]收益4天',5,1529424061),(1094530,32699,0.44030740,120522.94722992,120523.38753732,'魔盒[222205326991]收益4天',5,1529424061),(1094531,32700,0.44098740,1118.38568926,1118.82667666,'魔盒[230268327001]收益3天',5,1529424061),(1094532,32700,2.00011580,1118.82667666,1120.82679246,'魔盒[230526327002]收益3天',5,1529424061),(1094533,32701,0.44077280,105.49173092,105.93250372,'魔盒[241130327011]收益3天',5,1529424061),(1094534,32702,0.44015660,600.47110670,600.91126330,'魔盒[245157327021]收益3天',5,1529424061),(1094535,32698,21.67061610,8840.38950306,8862.06011916,'魔盒[294671326983]收益2天',5,1529424061),(1094536,32700,2.00086260,1120.82679246,1122.82765506,'魔盒[298331327002]收益2天',5,1529424061),(1094537,32699,2.00041160,120523.38753732,120525.38794892,'魔盒[298345326992]收益2天',5,1529424061),(1094538,32698,114.45000000,8862.06011916,8976.51011916,'全网联盟分红',6,1529431201),(1094539,32699,57.22500000,120525.38794892,120582.61294892,'全网联盟分红',6,1529431201),(1094540,32700,57.22500000,1122.82765506,1180.05265506,'全网联盟分红',6,1529431201),(1094546,32698,0.44077940,8976.51011916,8976.95089856,'魔盒[839527326981]收益5天',5,1529510461),(1094547,32698,151.66541670,8976.95089856,9128.61631526,'魔盒[839532326984]收益5天',5,1529510461),(1094548,32698,0.44020870,9128.61631526,9129.05652396,'魔盒[869044326981]收益5天',5,1529510461),(1094549,32699,0.44088210,120582.61294892,120583.05383102,'魔盒[222205326991]收益5天',5,1529510461),(1094550,32700,0.44064630,1180.05265506,1180.49330136,'魔盒[230268327001]收益4天',5,1529510461),(1094551,32700,2.00051540,1180.49330136,1182.49381676,'魔盒[230526327002]收益4天',5,1529510461),(1094552,32701,0.44045170,105.93250372,106.37295542,'魔盒[241130327011]收益4天',5,1529510461),(1094553,32702,0.44042310,600.91126330,601.35168640,'魔盒[245157327021]收益4天',5,1529510461),(1094554,32698,21.67064160,9129.05652396,9150.72716556,'魔盒[294671326983]收益3天',5,1529510461),(1094555,32700,2.00061060,1182.49381676,1184.49442736,'魔盒[298331327002]收益3天',5,1529510461),(1094556,32699,2.00094950,120583.05383102,120585.05478052,'魔盒[298345326992]收益3天',5,1529510461),(1094557,32698,114.45000000,9150.72716556,9265.17716556,'全网联盟分红',6,1529517601),(1094558,32699,57.22500000,120585.05478052,120642.27978052,'全网联盟分红',6,1529517601),(1094559,32700,57.22500000,1184.49442736,1241.71942736,'全网联盟分红',6,1529517601),(1094560,32698,0.44053880,9265.17716556,9265.61770436,'魔盒[839527326981]收益6天',5,1529596861),(1094561,32698,151.66576470,9265.61770436,9417.28346906,'魔盒[839532326984]收益6天',5,1529596861),(1094562,32698,0.44079090,9417.28346906,9417.72425996,'魔盒[869044326981]收益6天',5,1529596861),(1094563,32699,0.44043040,120642.27978052,120642.72021092,'魔盒[222205326991]收益6天',5,1529596861),(1094564,32700,0.44033940,1241.71942736,1242.15976676,'魔盒[230268327001]收益5天',5,1529596861),(1094565,32700,2.00028540,1242.15976676,1244.16005216,'魔盒[230526327002]收益5天',5,1529596861),(1094566,32701,0.44057320,106.37295542,106.81352862,'魔盒[241130327011]收益5天',5,1529596861),(1094567,32702,0.44056230,601.35168640,601.79224870,'魔盒[245157327021]收益5天',5,1529596861),(1094568,32698,21.67065840,9417.72425996,9439.39491836,'魔盒[294671326983]收益4天',5,1529596861),(1094569,32700,2.00046360,1244.16005216,1246.16051576,'魔盒[298331327002]收益4天',5,1529596861),(1094570,32699,2.00062890,120642.72021092,120644.72083982,'魔盒[298345326992]收益4天',5,1529596861),(1094571,32698,114.45000000,9439.39491836,9553.84491836,'全网联盟分红',6,1529604001),(1094572,32699,57.22500000,120644.72083982,120701.94583982,'全网联盟分红',6,1529604001),(1094573,32700,57.22500000,1246.16051576,1303.38551576,'全网联盟分红',6,1529604001),(1094574,32699,-1300.00000000,120701.94583982,119401.94583982,'卖出交易',3,1529650299),(1094575,32698,0.44051470,9553.84491836,9554.28543306,'魔盒[839527326981]收益7天',5,1529683261),(1094576,32698,151.66516060,9554.28543306,9705.95059366,'魔盒[839532326984]收益7天',5,1529683261),(1094577,32698,0.44030520,9705.95059366,9706.39089886,'魔盒[869044326981]收益7天',5,1529683261),(1094578,32699,0.44026330,119401.94583982,119402.38610312,'魔盒[222205326991]收益7天',5,1529683261),(1094579,32700,0.44049950,1303.38551576,1303.82601526,'魔盒[230268327001]收益6天',5,1529683261),(1094580,32700,2.00046550,1303.82601526,1305.82648076,'魔盒[230526327002]收益6天',5,1529683261),(1094581,32701,0.44032440,106.81352862,107.25385302,'魔盒[241130327011]收益6天',5,1529683261),(1094582,32702,0.44037990,601.79224870,602.23262860,'魔盒[245157327021]收益6天',5,1529683261),(1094583,32698,21.67025990,9706.39089886,9728.06115876,'魔盒[294671326983]收益5天',5,1529683261),(1094584,32700,2.00027260,1305.82648076,1307.82675336,'魔盒[298331327002]收益5天',5,1529683261),(1094585,32699,2.00089100,119402.38610312,119404.38699412,'魔盒[298345326992]收益5天',5,1529683261),(1094586,32698,114.45000000,9728.06115876,9842.51115876,'全网联盟分红',6,1529690401),(1094587,32699,57.22500000,119404.38699412,119461.61199412,'全网联盟分红',6,1529690401),(1094588,32700,57.22500000,1307.82675336,1365.05175336,'全网联盟分红',6,1529690401),(1094589,32698,0.44088630,9842.51115876,9842.95204506,'魔盒[839527326981]收益8天',5,1529769661),(1094590,32698,151.66524310,9842.95204506,9994.61728816,'魔盒[839532326984]收益8天',5,1529769661),(1094591,32698,0.44059550,9994.61728816,9995.05788366,'魔盒[869044326981]收益8天',5,1529769661),(1094592,32699,0.44073010,119461.61199412,119462.05272422,'魔盒[222205326991]收益8天',5,1529769661),(1094593,32700,0.44093070,1365.05175336,1365.49268406,'魔盒[230268327001]收益7天',5,1529769661),(1094594,32700,2.00042120,1365.49268406,1367.49310526,'魔盒[230526327002]收益7天',5,1529769661),(1094595,32701,0.44062700,107.25385302,107.69448002,'魔盒[241130327011]收益7天',5,1529769661),(1094596,32702,0.44052470,602.23262860,602.67315330,'魔盒[245157327021]收益7天',5,1529769661),(1094597,32698,21.67011490,9995.05788366,10016.72799856,'魔盒[294671326983]收益6天',5,1529769661),(1094598,32700,2.00020900,1367.49310526,1369.49331426,'魔盒[298331327002]收益6天',5,1529769661),(1094599,32699,2.00010130,119462.05272422,119464.05282552,'魔盒[298345326992]收益6天',5,1529769661),(1094600,32698,114.45000000,10016.72799856,10131.17799856,'全网联盟分红',6,1529776801),(1094601,32699,57.22500000,119464.05282552,119521.27782552,'全网联盟分红',6,1529776801),(1094602,32700,57.22500000,1369.49331426,1426.71831426,'全网联盟分红',6,1529776801),(1094603,32704,-100.00000000,200.00000000,100.00000000,'购买能源发生器',2,1529817650),(1094604,32707,2000.00000000,0.00000000,2000.00000000,'系统充值',1,1529818909),(1094605,32707,-130.00000000,2000.00000000,1870.00000000,'卖出交易',3,1529819379),(1094606,32708,100.00000000,0.00000000,100.00000000,'买入交易成功',3,1529819885),(1094607,32707,-100.00000000,1870.00000000,1770.00000000,'购买能源发生器',2,1529820229),(1094608,32708,-100.00000000,100.00000000,0.00000000,'购买能源发生器',2,1529820254),(1094609,32707,-1000.00000000,1770.00000000,770.00000000,'购买能源发生器',2,1529820844),(1094610,32699,1300.00000000,119521.27782552,120821.27782552,'出售交易取消',3,1529822123),(1094611,32707,-130.00000000,770.00000000,640.00000000,'卖出交易',3,1529822349),(1094612,32707,130.00000000,640.00000000,770.00000000,'出售交易取消',3,1529822469),(1094613,32707,-130.00000000,770.00000000,640.00000000,'卖出交易',3,1529822683),(1094614,32707,130.00000000,640.00000000,770.00000000,'取消卖出交易',3,1529822786),(1094615,32707,-130.00000000,770.00000000,640.00000000,'卖出交易',3,1529822851),(1094616,32708,100.00000000,0.00000000,100.00000000,'买入交易成功',3,1529823476),(1094617,32707,-130.00000000,640.00000000,510.00000000,'卖出交易',3,1529823621),(1094618,32708,100.00000000,100.00000000,200.00000000,'买入交易成功',3,1529824019),(1094619,32707,-130.00000000,510.00000000,380.00000000,'卖出交易',3,1529824354),(1094620,32707,130.00000000,380.00000000,510.00000000,'出售交易取消',3,1529824387),(1094621,32698,0.44028440,10131.17799856,10131.61828296,'魔盒[839527326981]收益9天',5,1529856061),(1094622,32698,151.66513680,10131.61828296,10283.28341976,'魔盒[839532326984]收益9天',5,1529856061),(1094623,32698,0.44050170,10283.28341976,10283.72392146,'魔盒[869044326981]收益9天',5,1529856061),(1094624,32699,0.44072880,120821.27782552,120821.71855432,'魔盒[222205326991]收益9天',5,1529856061),(1094625,32700,0.44065940,1426.71831426,1427.15897366,'魔盒[230268327001]收益8天',5,1529856061),(1094626,32700,2.00044400,1427.15897366,1429.15941766,'魔盒[230526327002]收益8天',5,1529856061),(1094627,32701,0.44045970,107.69448002,108.13493972,'魔盒[241130327011]收益8天',5,1529856061),(1094628,32702,0.44059230,602.67315330,603.11374560,'魔盒[245157327021]收益8天',5,1529856061),(1094629,32698,21.67059480,10283.72392146,10305.39451626,'魔盒[294671326983]收益7天',5,1529856061),(1094630,32700,2.00012140,1429.15941766,1431.15953906,'魔盒[298331327002]收益7天',5,1529856061),(1094631,32699,2.00086050,120821.71855432,120823.71941482,'魔盒[298345326992]收益7天',5,1529856061),(1094632,32704,0.89047881,100.00000000,100.89047881,'魔盒[817537327042]收益1天',5,1529856061),(1094633,32704,67.50702776,100.89047881,168.39750657,'魔盒[817543327044]收益1天',5,1529856061),(1094634,32704,0.88809070,168.39750657,169.28559727,'魔盒[817650327042]收益1天',5,1529856061),(1094635,32707,0.82823576,510.00000000,510.82823576,'魔盒[820229327072]收益1天',5,1529856061),(1094636,32708,0.82782754,200.00000000,200.82782754,'魔盒[820254327082]收益1天',5,1529856061),(1094637,32707,8.81754503,510.82823576,519.64578079,'魔盒[820844327073]收益1天',5,1529856061),(1094638,32698,123.45000000,10305.39451626,10428.84451626,'全网联盟分红',6,1529863201),(1094639,32699,61.72500000,120823.71941482,120885.44441482,'全网联盟分红',6,1529863201),(1094640,32700,61.72500000,1431.15953906,1492.88453906,'全网联盟分红',6,1529863201),(1094641,32699,-6500.00000000,120885.44441482,114385.44441482,'购买能源发生器',2,1529925332),(1094642,32698,325.00000000,10428.84451626,10753.84451626,'4',4,1529925332),(1094643,32698,0.44060650,10753.84451626,10754.28512276,'魔盒[839527326981]收益10天',5,1529942461),(1094644,32698,151.66545950,10754.28512276,10905.95058226,'魔盒[839532326984]收益10天',5,1529942461),(1094645,32698,0.44042930,10905.95058226,10906.39101156,'魔盒[869044326981]收益10天',5,1529942461),(1094646,32699,0.44057070,114385.44441482,114385.88498552,'魔盒[222205326991]收益10天',5,1529942461),(1094647,32700,0.44067460,1492.88453906,1493.32521366,'魔盒[230268327001]收益9天',5,1529942461),(1094648,32700,2.00048030,1493.32521366,1495.32569396,'魔盒[230526327002]收益9天',5,1529942461),(1094649,32701,0.44034100,108.13493972,108.57528072,'魔盒[241130327011]收益9天',5,1529942461),(1094650,32702,0.44054140,603.11374560,603.55428700,'魔盒[245157327021]收益9天',5,1529942461),(1094651,32698,21.67018760,10906.39101156,10928.06119916,'魔盒[294671326983]收益8天',5,1529942461),(1094652,32700,2.00091690,1495.32569396,1497.32661086,'魔盒[298331327002]收益8天',5,1529942461),(1094653,32699,2.00058370,114385.88498552,114387.88556922,'魔盒[298345326992]收益8天',5,1529942461),(1094654,32704,2.00083370,169.28559727,171.28643097,'魔盒[817537327042]收益2天',5,1529942461),(1094655,32704,151.66567270,171.28643097,322.95210367,'魔盒[817543327044]收益2天',5,1529942461),(1094656,32704,2.00098580,322.95210367,324.95308947,'魔盒[817650327042]收益2天',5,1529942461),(1094657,32707,2.00042160,519.64578079,521.64620239,'魔盒[820229327072]收益2天',5,1529942461),(1094658,32708,2.00013530,200.82782754,202.82796284,'魔盒[820254327082]收益2天',5,1529942461),(1094659,32707,21.67010800,521.64620239,543.31631039,'魔盒[820844327073]收益2天',5,1529942461),(1094660,32699,29.96089837,114387.88556922,114417.84646759,'魔盒[925332326994]收益1天',5,1529942461),(1094661,32698,123.45000000,10928.06119916,11051.51119916,'全网联盟分红',6,1529949601),(1094662,32699,61.72500000,114417.84646759,114479.57146759,'全网联盟分红',6,1529949602),(1094663,32700,61.72500000,1497.32661086,1559.05161086,'全网联盟分红',6,1529949602),(1094664,32698,123.45000000,11051.51119916,11174.96119916,'全网联盟分红',6,1530640801),(1094665,32699,61.72500000,114479.57146759,114541.29646759,'全网联盟分红',6,1530640801),(1094666,32700,61.72500000,1559.05161086,1620.77661086,'全网联盟分红',6,1530640801),(1094667,32698,0.44018690,11174.96119916,11175.40138606,'魔盒[839527326981]收益11天',5,1530720061),(1094668,32698,151.66553440,11175.40138606,11327.06692046,'魔盒[839532326984]收益11天',5,1530720061),(1094669,32698,0.44087850,11327.06692046,11327.50779896,'魔盒[869044326981]收益11天',5,1530720061),(1094670,32699,0.44072590,114541.29646759,114541.73719349,'魔盒[222205326991]收益11天',5,1530720061),(1094671,32700,0.44043860,1620.77661086,1621.21704946,'魔盒[230268327001]收益10天',5,1530720061),(1094672,32700,2.00036010,1621.21704946,1623.21740956,'魔盒[230526327002]收益10天',5,1530720061),(1094673,32701,0.44030040,108.57528072,109.01558112,'魔盒[241130327011]收益10天',5,1530720061),(1094674,32702,0.44011880,603.55428700,603.99440580,'魔盒[245157327021]收益10天',5,1530720061),(1094675,32698,21.67020430,11327.50779896,11349.17800326,'魔盒[294671326983]收益9天',5,1530720061),(1094676,32700,2.00092780,1623.21740956,1625.21833736,'魔盒[298331327002]收益9天',5,1530720061),(1094677,32699,2.00097850,114541.73719349,114543.73817199,'魔盒[298345326992]收益9天',5,1530720061),(1094678,32704,2.00028500,324.95308947,326.95337447,'魔盒[817537327042]收益3天',5,1530720061),(1094679,32704,151.66590900,326.95337447,478.61928347,'魔盒[817543327044]收益3天',5,1530720061),(1094680,32704,2.00099820,478.61928347,480.62028167,'魔盒[817650327042]收益3天',5,1530720061),(1094681,32707,2.00028430,543.31631039,545.31659469,'魔盒[820229327072]收益3天',5,1530720061),(1094682,32708,2.00080900,202.82796284,204.82877184,'魔盒[820254327082]收益3天',5,1530720061),(1094683,32707,21.67049850,545.31659469,566.98709319,'魔盒[820844327073]收益3天',5,1530720061),(1094684,32699,151.66555060,114543.73817199,114695.40372259,'魔盒[925332326994]收益2天',5,1530720061),(1094685,32698,123.45000000,11349.17800326,11472.62800326,'全网联盟分红',6,1530727201),(1094686,32699,61.72500000,114695.40372259,114757.12872259,'全网联盟分红',6,1530727201),(1094687,32700,61.72500000,1625.21833736,1686.94333736,'全网联盟分红',6,1530727201),(1094688,32698,0.44061340,11472.62800326,11473.06861666,'魔盒[839527326981]收益12天',5,1530806461),(1094689,32698,151.66580090,11473.06861666,11624.73441756,'魔盒[839532326984]收益12天',5,1530806461),(1094690,32698,0.44013830,11624.73441756,11625.17455586,'魔盒[869044326981]收益12天',5,1530806461),(1094691,32699,0.44094900,114757.12872259,114757.56967159,'魔盒[222205326991]收益12天',5,1530806461),(1094692,32700,0.44084900,1686.94333736,1687.38418636,'魔盒[230268327001]收益11天',5,1530806461),(1094693,32700,2.00043950,1687.38418636,1689.38462586,'魔盒[230526327002]收益11天',5,1530806461),(1094694,32701,0.44069060,109.01558112,109.45627172,'魔盒[241130327011]收益11天',5,1530806461),(1094695,32702,0.44074380,603.99440580,604.43514960,'魔盒[245157327021]收益11天',5,1530806461),(1094696,32698,21.67026870,11625.17455586,11646.84482456,'魔盒[294671326983]收益10天',5,1530806461),(1094697,32700,2.00085740,1689.38462586,1691.38548326,'魔盒[298331327002]收益10天',5,1530806461),(1094698,32699,2.00060200,114757.56967159,114759.57027359,'魔盒[298345326992]收益10天',5,1530806461),(1094699,32704,2.00041980,480.62028167,482.62070147,'魔盒[817537327042]收益4天',5,1530806461),(1094700,32704,151.66515640,482.62070147,634.28585787,'魔盒[817543327044]收益4天',5,1530806461),(1094701,32704,2.00082520,634.28585787,636.28668307,'魔盒[817650327042]收益4天',5,1530806461),(1094702,32707,2.00062210,566.98709319,568.98771529,'魔盒[820229327072]收益4天',5,1530806461),(1094703,32708,2.00099420,204.82877184,206.82976604,'魔盒[820254327082]收益4天',5,1530806461),(1094704,32707,21.67064060,568.98771529,590.65835589,'魔盒[820844327073]收益4天',5,1530806461),(1094705,32699,151.66583060,114759.57027359,114911.23610419,'魔盒[925332326994]收益3天',5,1530806461),(1094706,32698,123.45000000,11646.84482456,11770.29482456,'全网联盟分红',6,1530813601),(1094707,32699,61.72500000,114911.23610419,114972.96110419,'全网联盟分红',6,1530813601),(1094708,32700,61.72500000,1691.38548326,1753.11048326,'全网联盟分红',6,1530813601),(1094709,32698,0.44060250,11770.29482456,11770.73542706,'魔盒[839527326981]收益13天',5,1530892861),(1094710,32698,151.66554560,11770.73542706,11922.40097266,'魔盒[839532326984]收益13天',5,1530892861),(1094711,32698,0.44019140,11922.40097266,11922.84116406,'魔盒[869044326981]收益13天',5,1530892861),(1094712,32699,0.44079120,114972.96110419,114973.40189539,'魔盒[222205326991]收益13天',5,1530892861),(1094713,32700,0.44052130,1753.11048326,1753.55100456,'魔盒[230268327001]收益12天',5,1530892861),(1094714,32700,2.00091600,1753.55100456,1755.55192056,'魔盒[230526327002]收益12天',5,1530892861),(1094715,32701,0.44077810,109.45627172,109.89704982,'魔盒[241130327011]收益12天',5,1530892861),(1094716,32702,0.44067990,604.43514960,604.87582950,'魔盒[245157327021]收益12天',5,1530892861),(1094717,32698,21.67023560,11922.84116406,11944.51139966,'魔盒[294671326983]收益11天',5,1530892861),(1094718,32700,2.00087360,1755.55192056,1757.55279416,'魔盒[298331327002]收益11天',5,1530892861),(1094719,32699,2.00045940,114973.40189539,114975.40235479,'魔盒[298345326992]收益11天',5,1530892861),(1094720,32704,2.00036480,636.28668307,638.28704787,'魔盒[817537327042]收益5天',5,1530892861),(1094721,32704,151.66546600,638.28704787,789.95251387,'魔盒[817543327044]收益5天',5,1530892861),(1094722,32704,2.00012980,789.95251387,791.95264367,'魔盒[817650327042]收益5天',5,1530892861),(1094723,32707,2.00077790,590.65835589,592.65913379,'魔盒[820229327072]收益5天',5,1530892861),(1094724,32708,2.00090400,206.82976604,208.83067004,'魔盒[820254327082]收益5天',5,1530892861),(1094725,32707,21.67093750,592.65913379,614.33007129,'魔盒[820844327073]收益5天',5,1530892861),(1094726,32699,151.66593490,114975.40235479,115127.06828969,'魔盒[925332326994]收益4天',5,1530892861),(1094727,32698,123.45000000,11944.51139966,12067.96139966,'全网联盟分红',6,1530900001),(1094728,32699,61.72500000,115127.06828969,115188.79328969,'全网联盟分红',6,1530900001),(1094729,32700,61.72500000,1757.55279416,1819.27779416,'全网联盟分红',6,1530900001),(1094730,32698,0.44071690,12067.96139966,12068.40211656,'魔盒[839527326981]收益14天',5,1530979261),(1094731,32698,151.66598580,12068.40211656,12220.06810236,'魔盒[839532326984]收益14天',5,1530979261),(1094732,32698,0.44098120,12220.06810236,12220.50908356,'魔盒[869044326981]收益14天',5,1530979261),(1094733,32699,0.44011880,115188.79328969,115189.23340849,'魔盒[222205326991]收益14天',5,1530979261),(1094734,32700,0.44060500,1819.27779416,1819.71839916,'魔盒[230268327001]收益13天',5,1530979261),(1094735,32700,2.00089130,1819.71839916,1821.71929046,'魔盒[230526327002]收益13天',5,1530979261),(1094736,32701,0.44055930,109.89704982,110.33760912,'魔盒[241130327011]收益13天',5,1530979261),(1094737,32702,0.44036580,604.87582950,605.31619530,'魔盒[245157327021]收益13天',5,1530979261),(1094738,32698,21.67038800,12220.50908356,12242.17947156,'魔盒[294671326983]收益12天',5,1530979261),(1094739,32700,2.00020200,1821.71929046,1823.71949246,'魔盒[298331327002]收益12天',5,1530979261),(1094740,32699,2.00088380,115189.23340849,115191.23429229,'魔盒[298345326992]收益12天',5,1530979261),(1094741,32704,2.00035830,791.95264367,793.95300197,'魔盒[817537327042]收益6天',5,1530979261),(1094742,32704,151.66589520,793.95300197,945.61889717,'魔盒[817543327044]收益6天',5,1530979261),(1094743,32704,2.00063980,945.61889717,947.61953697,'魔盒[817650327042]收益6天',5,1530979261),(1094744,32707,2.00026080,614.33007129,616.33033209,'魔盒[820229327072]收益6天',5,1530979261),(1094745,32708,2.00045830,208.83067004,210.83112834,'魔盒[820254327082]收益6天',5,1530979261),(1094746,32707,21.67073000,616.33033209,638.00106209,'魔盒[820844327073]收益6天',5,1530979261),(1094747,32699,151.66519270,115191.23429229,115342.89948499,'魔盒[925332326994]收益5天',5,1530979261),(1094748,32698,123.45000000,12242.17947156,12365.62947156,'全网联盟分红',6,1530986401),(1094749,32699,61.72500000,115342.89948499,115404.62448499,'全网联盟分红',6,1530986401),(1094750,32700,61.72500000,1823.71949246,1885.44449246,'全网联盟分红',6,1530986401),(1094751,32698,0.44051760,12365.62947156,12366.06998916,'魔盒[839527326981]收益15天',5,1531065661),(1094752,32698,151.66562600,12366.06998916,12517.73561516,'魔盒[839532326984]收益15天',5,1531065661),(1094753,32698,0.44046570,12517.73561516,12518.17608086,'魔盒[869044326981]收益15天',5,1531065661),(1094754,32699,0.44050420,115404.62448499,115405.06498919,'魔盒[222205326991]收益15天',5,1531065661),(1094755,32700,0.44020120,1885.44449246,1885.88469366,'魔盒[230268327001]收益14天',5,1531065661),(1094756,32700,2.00063220,1885.88469366,1887.88532586,'魔盒[230526327002]收益14天',5,1531065661),(1094757,32701,0.44025520,110.33760912,110.77786432,'魔盒[241130327011]收益14天',5,1531065661),(1094758,32702,0.44024690,605.31619530,605.75644220,'魔盒[245157327021]收益14天',5,1531065661),(1094759,32698,21.67068940,12518.17608086,12539.84677026,'魔盒[294671326983]收益13天',5,1531065661),(1094760,32700,2.00079310,1887.88532586,1889.88611896,'魔盒[298331327002]收益13天',5,1531065661),(1094761,32699,2.00041650,115405.06498919,115407.06540569,'魔盒[298345326992]收益13天',5,1531065661),(1094762,32704,2.00081670,947.61953697,949.62035367,'魔盒[817537327042]收益7天',5,1531065661),(1094763,32704,151.66571820,949.62035367,1101.28607187,'魔盒[817543327044]收益7天',5,1531065661),(1094764,32704,2.00013820,1101.28607187,1103.28621007,'魔盒[817650327042]收益7天',5,1531065661),(1094765,32707,2.00074400,638.00106209,640.00180609,'魔盒[820229327072]收益7天',5,1531065661),(1094766,32708,2.00080730,210.83112834,212.83193564,'魔盒[820254327082]收益7天',5,1531065661),(1094767,32707,21.67067800,640.00180609,661.67248409,'魔盒[820844327073]收益7天',5,1531065661),(1094768,32699,151.66528460,115407.06540569,115558.73069029,'魔盒[925332326994]收益6天',5,1531065661),(1094769,32698,123.45000000,12539.84677026,12663.29677026,'全网联盟分红',6,1531072801),(1094770,32699,61.72500000,115558.73069029,115620.45569029,'全网联盟分红',6,1531072801),(1094771,32700,61.72500000,1889.88611896,1951.61111896,'全网联盟分红',6,1531072801),(1094772,32698,0.44065180,12663.29677026,12663.73742206,'魔盒[839527326981]收益16天',5,1531152061),(1094773,32698,151.66534440,12663.73742206,12815.40276646,'魔盒[839532326984]收益16天',5,1531152061),(1094774,32698,0.44038060,12815.40276646,12815.84314706,'魔盒[869044326981]收益16天',5,1531152061),(1094775,32699,0.44049390,115620.45569029,115620.89618419,'魔盒[222205326991]收益16天',5,1531152061),(1094776,32700,0.44039480,1951.61111896,1952.05151376,'魔盒[230268327001]收益15天',5,1531152061),(1094777,32700,2.00072510,1952.05151376,1954.05223886,'魔盒[230526327002]收益15天',5,1531152061),(1094778,32701,0.44050620,110.77786432,111.21837052,'魔盒[241130327011]收益15天',5,1531152061),(1094779,32702,0.44096540,605.75644220,606.19740760,'魔盒[245157327021]收益15天',5,1531152061),(1094780,32698,21.67015420,12815.84314706,12837.51330126,'魔盒[294671326983]收益14天',5,1531152061),(1094781,32700,2.00051120,1954.05223886,1956.05275006,'魔盒[298331327002]收益14天',5,1531152061),(1094782,32699,2.00015510,115620.89618419,115622.89633929,'魔盒[298345326992]收益14天',5,1531152061),(1094783,32704,2.00072140,1103.28621007,1105.28693147,'魔盒[817537327042]收益8天',5,1531152061),(1094784,32704,151.66596700,1105.28693147,1256.95289847,'魔盒[817543327044]收益8天',5,1531152061),(1094785,32704,2.00039860,1256.95289847,1258.95329707,'魔盒[817650327042]收益8天',5,1531152061),(1094786,32707,2.00057510,661.67248409,663.67305919,'魔盒[820229327072]收益8天',5,1531152061),(1094787,32708,2.00095890,212.83193564,214.83289454,'魔盒[820254327082]收益8天',5,1531152061),(1094788,32707,21.67089420,663.67305919,685.34395339,'魔盒[820844327073]收益8天',5,1531152061),(1094789,32699,151.66599040,115622.89633929,115774.56232969,'魔盒[925332326994]收益7天',5,1531152061),(1094790,32698,123.45000000,12837.51330126,12960.96330126,'全网联盟分红',6,1531159201),(1094791,32699,61.72500000,115774.56232969,115836.28732969,'全网联盟分红',6,1531159201),(1094792,32700,61.72500000,1956.05275006,2017.77775006,'全网联盟分红',6,1531159201),(1094793,32698,0.44089240,12960.96330126,12961.40419366,'魔盒[839527326981]收益17天',5,1531238462),(1094794,32698,151.66596580,12961.40419366,13113.07015946,'魔盒[839532326984]收益17天',5,1531238462),(1094795,32698,0.44019140,13113.07015946,13113.51035086,'魔盒[869044326981]收益17天',5,1531238462),(1094796,32699,0.44013560,115836.28732969,115836.72746529,'魔盒[222205326991]收益17天',5,1531238462),(1094797,32700,0.44021570,2017.77775006,2018.21796576,'魔盒[230268327001]收益16天',5,1531238462),(1094798,32700,2.00030590,2018.21796576,2020.21827166,'魔盒[230526327002]收益16天',5,1531238462),(1094799,32701,0.44030160,111.21837052,111.65867212,'魔盒[241130327011]收益16天',5,1531238462),(1094800,32702,0.44052110,606.19740760,606.63792870,'魔盒[245157327021]收益16天',5,1531238462),(1094801,32698,21.67093510,13113.51035086,13135.18128596,'魔盒[294671326983]收益15天',5,1531238462),(1094802,32700,2.00058590,2020.21827166,2022.21885756,'魔盒[298331327002]收益15天',5,1531238462),(1094803,32699,2.00071530,115836.72746529,115838.72818059,'魔盒[298345326992]收益15天',5,1531238462),(1094804,32704,2.00025950,1258.95329707,1260.95355657,'魔盒[817537327042]收益9天',5,1531238462),(1094805,32704,151.66525890,1260.95355657,1412.61881547,'魔盒[817543327044]收益9天',5,1531238462),(1094806,32704,2.00090800,1412.61881547,1414.61972347,'魔盒[817650327042]收益9天',5,1531238462),(1094807,32707,2.00034340,685.34395339,687.34429679,'魔盒[820229327072]收益9天',5,1531238462),(1094808,32708,2.00037490,214.83289454,216.83326944,'魔盒[820254327082]收益9天',5,1531238462),(1094809,32707,21.67064290,687.34429679,709.01493969,'魔盒[820844327073]收益9天',5,1531238462),(1094810,32699,151.66521090,115838.72818059,115990.39339149,'魔盒[925332326994]收益8天',5,1531238462),(1094811,32698,123.45000000,13135.18128596,13258.63128596,'全网联盟分红',6,1531245601),(1094812,32699,61.72500000,115990.39339149,116052.11839149,'全网联盟分红',6,1531245601),(1094813,32700,61.72500000,2022.21885756,2083.94385756,'全网联盟分红',6,1531245601),(1094814,32698,0.44012360,13258.63128596,13259.07140956,'魔盒[839527326981]收益18天',5,1531324861),(1094815,32698,151.66586770,13259.07140956,13410.73727726,'魔盒[839532326984]收益18天',5,1531324861),(1094816,32698,0.44039760,13410.73727726,13411.17767486,'魔盒[869044326981]收益18天',5,1531324861),(1094817,32699,0.44047570,116052.11839149,116052.55886719,'魔盒[222205326991]收益18天',5,1531324861),(1094818,32700,0.44075040,2083.94385756,2084.38460796,'魔盒[230268327001]收益17天',5,1531324861),(1094819,32700,2.00033460,2084.38460796,2086.38494256,'魔盒[230526327002]收益17天',5,1531324861),(1094820,32701,0.44050470,111.65867212,112.09917682,'魔盒[241130327011]收益17天',5,1531324861),(1094821,32702,0.44049690,606.63792870,607.07842560,'魔盒[245157327021]收益17天',5,1531324861),(1094822,32698,21.67060740,13411.17767486,13432.84828226,'魔盒[294671326983]收益16天',5,1531324861),(1094823,32700,2.00029430,2086.38494256,2088.38523686,'魔盒[298331327002]收益16天',5,1531324861),(1094824,32699,2.00075710,116052.55886719,116054.55962429,'魔盒[298345326992]收益16天',5,1531324861),(1094825,32704,2.00013990,1414.61972347,1416.61986337,'魔盒[817537327042]收益10天',5,1531324861),(1094826,32704,151.66551580,1416.61986337,1568.28537917,'魔盒[817543327044]收益10天',5,1531324861),(1094827,32704,2.00087480,1568.28537917,1570.28625397,'魔盒[817650327042]收益10天',5,1531324861),(1094828,32707,2.00088000,709.01493969,711.01581969,'魔盒[820229327072]收益10天',5,1531324861),(1094829,32708,2.00021200,216.83326944,218.83348144,'魔盒[820254327082]收益10天',5,1531324861),(1094830,32707,21.67052440,711.01581969,732.68634409,'魔盒[820844327073]收益10天',5,1531324861),(1094831,32699,151.66575110,116054.55962429,116206.22537539,'魔盒[925332326994]收益9天',5,1531324861),(1094832,32698,123.45000000,13432.84828226,13556.29828226,'全网联盟分红',6,1531332001),(1094833,32699,61.72500000,116206.22537539,116267.95037539,'全网联盟分红',6,1531332001),(1094834,32700,61.72500000,2088.38523686,2150.11023686,'全网联盟分红',6,1531332001),(1094835,32698,0.44055070,13556.29828226,13556.73883296,'魔盒[839527326981]收益19天',5,1531411261),(1094836,32698,151.66570040,13556.73883296,13708.40453336,'魔盒[839532326984]收益19天',5,1531411261),(1094837,32698,0.44084220,13708.40453336,13708.84537556,'魔盒[869044326981]收益19天',5,1531411261),(1094838,32699,0.44013920,116267.95037539,116268.39051459,'魔盒[222205326991]收益19天',5,1531411261),(1094839,32700,0.44054990,2150.11023686,2150.55078676,'魔盒[230268327001]收益18天',5,1531411261),(1094840,32700,2.00078520,2150.55078676,2152.55157196,'魔盒[230526327002]收益18天',5,1531411261),(1094841,32701,0.44076870,112.09917682,112.53994552,'魔盒[241130327011]收益18天',5,1531411261),(1094842,32702,0.44058130,607.07842560,607.51900690,'魔盒[245157327021]收益18天',5,1531411261),(1094843,32698,21.67074450,13708.84537556,13730.51612006,'魔盒[294671326983]收益17天',5,1531411261),(1094844,32700,2.00097550,2152.55157196,2154.55254746,'魔盒[298331327002]收益17天',5,1531411261),(1094845,32699,2.00081260,116268.39051459,116270.39132719,'魔盒[298345326992]收益17天',5,1531411261),(1094846,32704,2.00043840,1570.28625397,1572.28669237,'魔盒[817537327042]收益11天',5,1531411261),(1094847,32704,151.66543980,1572.28669237,1723.95213217,'魔盒[817543327044]收益11天',5,1531411261),(1094848,32704,2.00041990,1723.95213217,1725.95255207,'魔盒[817650327042]收益11天',5,1531411261),(1094849,32707,2.00055430,732.68634409,734.68689839,'魔盒[820229327072]收益11天',5,1531411261),(1094850,32708,2.00038600,218.83348144,220.83386744,'魔盒[820254327082]收益11天',5,1531411261),(1094851,32707,21.67039140,734.68689839,756.35728979,'魔盒[820844327073]收益11天',5,1531411261),(1094852,32699,151.66517340,116270.39132719,116422.05650059,'魔盒[925332326994]收益10天',5,1531411261),(1094853,32698,123.45000000,13730.51612006,13853.96612006,'全网联盟分红',6,1531418401),(1094854,32699,61.72500000,116422.05650059,116483.78150059,'全网联盟分红',6,1531418401),(1094855,32700,61.72500000,2154.55254746,2216.27754746,'全网联盟分红',6,1531418401),(1094856,32698,0.44065960,13853.96612006,13854.40677966,'魔盒[839527326981]收益20天',5,1531497661),(1094857,32698,151.66555320,13854.40677966,14006.07233286,'魔盒[839532326984]收益20天',5,1531497661),(1094858,32698,0.44076910,14006.07233286,14006.51310196,'魔盒[869044326981]收益20天',5,1531497661),(1094859,32699,0.44027760,116483.78150059,116484.22177819,'魔盒[222205326991]收益20天',5,1531497661),(1094860,32700,0.44038610,2216.27754746,2216.71793356,'魔盒[230268327001]收益19天',5,1531497661),(1094861,32700,2.00010440,2216.71793356,2218.71803796,'魔盒[230526327002]收益19天',5,1531497661),(1094862,32701,0.44056860,112.53994552,112.98051412,'魔盒[241130327011]收益19天',5,1531497661),(1094863,32702,0.44041030,607.51900690,607.95941720,'魔盒[245157327021]收益19天',5,1531497661),(1094864,32698,21.67048060,14006.51310196,14028.18358256,'魔盒[294671326983]收益18天',5,1531497661),(1094865,32700,2.00035560,2218.71803796,2220.71839356,'魔盒[298331327002]收益18天',5,1531497661),(1094866,32699,2.00097040,116484.22177819,116486.22274859,'魔盒[298345326992]收益18天',5,1531497661),(1094867,32704,2.00058180,1725.95255207,1727.95313387,'魔盒[817537327042]收益12天',5,1531497661),(1094868,32704,151.66596800,1727.95313387,1879.61910187,'魔盒[817543327044]收益12天',5,1531497661),(1094869,32704,2.00091330,1879.61910187,1881.62001517,'魔盒[817650327042]收益12天',5,1531497661),(1094870,32707,2.00047340,756.35728979,758.35776319,'魔盒[820229327072]收益12天',5,1531497661),(1094871,32708,2.00079330,220.83386744,222.83466074,'魔盒[820254327082]收益12天',5,1531497661),(1094872,32707,21.67053230,758.35776319,780.02829549,'魔盒[820844327073]收益12天',5,1531497661),(1094873,32699,151.66556360,116486.22274859,116637.88831219,'魔盒[925332326994]收益11天',5,1531497661),(1094874,32698,123.45000000,14028.18358256,14151.63358256,'全网联盟分红',6,1531504801),(1094875,32699,61.72500000,116637.88831219,116699.61331219,'全网联盟分红',6,1531504801),(1094876,32700,61.72500000,2220.71839356,2282.44339356,'全网联盟分红',6,1531504802),(1094877,32698,0.44084270,14151.63358256,14152.07442526,'魔盒[839527326981]收益21天',5,1531584061),(1094878,32698,151.66577330,14152.07442526,14303.74019856,'魔盒[839532326984]收益21天',5,1531584061),(1094879,32698,0.44038320,14303.74019856,14304.18058176,'魔盒[869044326981]收益21天',5,1531584061),(1094880,32699,0.44092250,116699.61331219,116700.05423469,'魔盒[222205326991]收益21天',5,1531584061),(1094881,32700,0.44067830,2282.44339356,2282.88407186,'魔盒[230268327001]收益20天',5,1531584061),(1094882,32700,2.00055060,2282.88407186,2284.88462246,'魔盒[230526327002]收益20天',5,1531584061),(1094883,32701,0.44041950,112.98051412,113.42093362,'魔盒[241130327011]收益20天',5,1531584061),(1094884,32702,0.44051850,607.95941720,608.39993570,'魔盒[245157327021]收益20天',5,1531584061),(1094885,32698,21.67041400,14304.18058176,14325.85099576,'魔盒[294671326983]收益19天',5,1531584061),(1094886,32700,2.00056290,2284.88462246,2286.88518536,'魔盒[298331327002]收益19天',5,1531584061),(1094887,32699,2.00055080,116700.05423469,116702.05478549,'魔盒[298345326992]收益19天',5,1531584061),(1094888,32704,2.00083170,1881.62001517,1883.62084687,'魔盒[817537327042]收益13天',5,1531584061),(1094889,32704,151.66568680,1883.62084687,2035.28653367,'魔盒[817543327044]收益13天',5,1531584061),(1094890,32704,2.00089820,2035.28653367,2037.28743187,'魔盒[817650327042]收益13天',5,1531584061),(1094891,32707,2.00038990,780.02829549,782.02868539,'魔盒[820229327072]收益13天',5,1531584061),(1094892,32708,2.00034260,222.83466074,224.83500334,'魔盒[820254327082]收益13天',5,1531584061),(1094893,32707,21.67034110,782.02868539,803.69902649,'魔盒[820844327073]收益13天',5,1531584061),(1094894,32699,151.66546440,116702.05478549,116853.72024989,'魔盒[925332326994]收益12天',5,1531584061),(1094895,32698,123.45000000,14325.85099576,14449.30099576,'全网联盟分红',6,1531591201),(1094896,32699,61.72500000,116853.72024989,116915.44524989,'全网联盟分红',6,1531591201),(1094897,32700,61.72500000,2286.88518536,2348.61018536,'全网联盟分红',6,1531591201),(1094898,32698,0.44019620,14449.30099576,14449.74119196,'魔盒[839527326981]收益22天',5,1531670461),(1094899,32698,151.66544730,14449.74119196,14601.40663926,'魔盒[839532326984]收益22天',5,1531670461),(1094900,32698,0.44044140,14601.40663926,14601.84708066,'魔盒[869044326981]收益22天',5,1531670461),(1094901,32699,0.44021430,116915.44524989,116915.88546419,'魔盒[222205326991]收益22天',5,1531670461),(1094902,32700,0.44037310,2348.61018536,2349.05055846,'魔盒[230268327001]收益21天',5,1531670461),(1094903,32700,2.00094200,2349.05055846,2351.05150046,'魔盒[230526327002]收益21天',5,1531670461),(1094904,32701,0.44025680,113.42093362,113.86119042,'魔盒[241130327011]收益21天',5,1531670461),(1094905,32702,0.44013850,608.39993570,608.84007420,'魔盒[245157327021]收益21天',5,1531670461),(1094906,32698,21.67098430,14601.84708066,14623.51806496,'魔盒[294671326983]收益20天',5,1531670461),(1094907,32700,2.00041520,2351.05150046,2353.05191566,'魔盒[298331327002]收益20天',5,1531670461),(1094908,32699,2.00028600,116915.88546419,116917.88575019,'魔盒[298345326992]收益20天',5,1531670461),(1094909,32704,2.00034920,2037.28743187,2039.28778107,'魔盒[817537327042]收益14天',5,1531670461),(1094910,32704,151.66560070,2039.28778107,2190.95338177,'魔盒[817543327044]收益14天',5,1531670461),(1094911,32704,2.00044860,2190.95338177,2192.95383037,'魔盒[817650327042]收益14天',5,1531670461),(1094912,32707,2.00061580,803.69902649,805.69964229,'魔盒[820229327072]收益14天',5,1531670461),(1094913,32708,2.00045340,224.83500334,226.83545674,'魔盒[820254327082]收益14天',5,1531670461),(1094914,32707,21.67031430,805.69964229,827.36995659,'魔盒[820844327073]收益14天',5,1531670461),(1094915,32699,151.66597450,116917.88575019,117069.55172469,'魔盒[925332326994]收益13天',5,1531670461),(1094916,32699,-10.00000000,117069.55172469,117059.55172469,'购买能源发生器',2,1531672358),(1094917,32698,0.50000000,14623.51806496,14624.01806496,'4',4,1531672358),(1094918,32699,-100.00000000,117059.55172469,116959.55172469,'购买能源发生器',2,1531672361),(1094919,32698,5.00000000,14624.01806496,14629.01806496,'4',4,1531672361),(1094920,32699,-1000.00000000,116959.55172469,115959.55172469,'购买能源发生器',2,1531672363),(1094921,32698,50.00000000,14629.01806496,14679.01806496,'4',4,1531672363),(1094922,32699,-1000.00000000,115959.55172469,114959.55172469,'购买能源发生器',2,1531672368),(1094923,32698,50.00000000,14679.01806496,14729.01806496,'4',4,1531672368),(1094924,32699,-1000.00000000,114959.55172469,113959.55172469,'购买能源发生器',2,1531672370),(1094925,32698,50.00000000,14729.01806496,14779.01806496,'4',4,1531672370),(1094926,32699,-1000.00000000,113959.55172469,112959.55172469,'购买能源发生器',2,1531672371),(1094927,32698,50.00000000,14779.01806496,14829.01806496,'4',4,1531672371),(1094928,32699,-100.00000000,112959.55172469,112859.55172469,'购买能源发生器',2,1531672377),(1094929,32698,5.00000000,14829.01806496,14834.01806496,'4',4,1531672377),(1094930,32698,123.45000000,14834.01806496,14957.46806496,'全网联盟分红',6,1531677601),(1094931,32699,61.72500000,112859.55172469,112921.27672469,'全网联盟分红',6,1531677601),(1094932,32700,61.72500000,2353.05191566,2414.77691566,'全网联盟分红',6,1531677601),(1094933,32698,0.44060950,14957.46806496,14957.90867446,'魔盒[839527326981]收益23天',5,1531756861),(1094934,32698,151.66527620,14957.90867446,15109.57395066,'魔盒[839532326984]收益23天',5,1531756861),(1094935,32698,0.44032100,15109.57395066,15110.01427166,'魔盒[869044326981]收益23天',5,1531756861),(1094936,32699,0.44041060,112921.27672469,112921.71713529,'魔盒[222205326991]收益23天',5,1531756861),(1094937,32700,0.44052440,2414.77691566,2415.21744006,'魔盒[230268327001]收益22天',5,1531756861),(1094938,32700,2.00050260,2415.21744006,2417.21794266,'魔盒[230526327002]收益22天',5,1531756861),(1094939,32701,0.44030760,113.86119042,114.30149802,'魔盒[241130327011]收益22天',5,1531756861),(1094940,32702,0.44040910,608.84007420,609.28048330,'魔盒[245157327021]收益22天',5,1531756861),(1094941,32698,21.67012840,15110.01427166,15131.68440006,'魔盒[294671326983]收益21天',5,1531756861),(1094942,32700,2.00016070,2417.21794266,2419.21810336,'魔盒[298331327002]收益21天',5,1531756861),(1094943,32699,2.00062390,112921.71713529,112923.71775919,'魔盒[298345326992]收益21天',5,1531756861),(1094944,32704,2.00076980,2192.95383037,2194.95460017,'魔盒[817537327042]收益15天',5,1531756861),(1094945,32704,151.66545210,2194.95460017,2346.62005227,'魔盒[817543327044]收益15天',5,1531756861),(1094946,32704,2.00015300,2346.62005227,2348.62020527,'魔盒[817650327042]收益15天',5,1531756861),(1094947,32707,2.00068250,827.36995659,829.37063909,'魔盒[820229327072]收益15天',5,1531756861),(1094948,32708,2.00050500,226.83545674,228.83596174,'魔盒[820254327082]收益15天',5,1531756861),(1094949,32707,21.67064030,829.37063909,851.04127939,'魔盒[820844327073]收益15天',5,1531756861),(1094950,32699,151.66547310,112923.71775919,113075.38323229,'魔盒[925332326994]收益14天',5,1531756861),(1094951,32699,0.43050750,113075.38323229,113075.81373979,'魔盒[672358326991]收益1天',5,1531756861),(1094952,32699,1.95518504,113075.81373979,113077.76892483,'魔盒[672361326992]收益1天',5,1531756861),(1094953,32699,21.17842173,113077.76892483,113098.94734656,'魔盒[672363326993]收益1天',5,1531756861),(1094954,32699,21.17689822,113098.94734656,113120.12424478,'魔盒[672368326993]收益1天',5,1531756861),(1094955,32699,21.17661339,113120.12424478,113141.30085817,'魔盒[672370326993]收益1天',5,1531756861),(1094956,32699,21.17577673,113141.30085817,113162.47663490,'魔盒[672371326993]收益1天',5,1531756861),(1094957,32699,1.95515908,113162.47663490,113164.43179398,'魔盒[672377326992]收益1天',5,1531756861),(1094958,32698,123.45000000,15131.68440006,15255.13440006,'全网联盟分红',6,1531764001),(1094959,32699,61.72500000,113164.43179398,113226.15679398,'全网联盟分红',6,1531764001),(1094960,32700,61.72500000,2419.21810336,2480.94310336,'全网联盟分红',6,1531764001),(1094961,32698,0.44031600,15255.13440006,15255.57471606,'魔盒[839527326981]收益24天',5,1531843261),(1094962,32698,151.66555710,15255.57471606,15407.24027316,'魔盒[839532326984]收益24天',5,1531843261),(1094963,32698,0.44060820,15407.24027316,15407.68088136,'魔盒[869044326981]收益24天',5,1531843261),(1094964,32699,0.44033360,113226.15679398,113226.59712758,'魔盒[222205326991]收益24天',5,1531843261),(1094965,32700,0.44099010,2480.94310336,2481.38409346,'魔盒[230268327001]收益23天',5,1531843261),(1094966,32700,2.00081120,2481.38409346,2483.38490466,'魔盒[230526327002]收益23天',5,1531843261),(1094967,32701,0.44097790,114.30149802,114.74247592,'魔盒[241130327011]收益23天',5,1531843261),(1094968,32702,0.44034510,609.28048330,609.72082840,'魔盒[245157327021]收益23天',5,1531843261),(1094969,32698,21.67087910,15407.68088136,15429.35176046,'魔盒[294671326983]收益22天',5,1531843261),(1094970,32700,2.00061530,2483.38490466,2485.38551996,'魔盒[298331327002]收益22天',5,1531843261),(1094971,32699,2.00040480,113226.59712758,113228.59753238,'魔盒[298345326992]收益22天',5,1531843261),(1094972,32704,2.00073100,2348.62020527,2350.62093627,'魔盒[817537327042]收益16天',5,1531843261),(1094973,32704,151.66598040,2350.62093627,2502.28691667,'魔盒[817543327044]收益16天',5,1531843261),(1094974,32704,2.00071980,2502.28691667,2504.28763647,'魔盒[817650327042]收益16天',5,1531843261),(1094975,32707,2.00012300,851.04127939,853.04140239,'魔盒[820229327072]收益16天',5,1531843261),(1094976,32708,2.00022030,228.83596174,230.83618204,'魔盒[820254327082]收益16天',5,1531843261),(1094977,32707,21.67037450,853.04140239,874.71177689,'魔盒[820844327073]收益16天',5,1531843261),(1094978,32699,151.66538690,113228.59753238,113380.26291928,'魔盒[925332326994]收益15天',5,1531843261),(1094979,32699,0.44081990,113380.26291928,113380.70373918,'魔盒[672358326991]收益2天',5,1531843261),(1094980,32699,2.00092740,113380.70373918,113382.70466658,'魔盒[672361326992]收益2天',5,1531843261),(1094981,32699,21.67045580,113382.70466658,113404.37512238,'魔盒[672363326993]收益2天',5,1531843261),(1094982,32699,21.67085380,113404.37512238,113426.04597618,'魔盒[672368326993]收益2天',5,1531843261),(1094983,32699,21.67070150,113426.04597618,113447.71667768,'魔盒[672370326993]收益2天',5,1531843261),(1094984,32699,21.67031420,113447.71667768,113469.38699188,'魔盒[672371326993]收益2天',5,1531843261),(1094985,32699,2.00015950,113469.38699188,113471.38715138,'魔盒[672377326992]收益2天',5,1531843261),(1094986,32698,123.45000000,15429.35176046,15552.80176046,'全网联盟分红',6,1531850401),(1094987,32699,61.72500000,113471.38715138,113533.11215138,'全网联盟分红',6,1531850401),(1094988,32700,61.72500000,2485.38551996,2547.11051996,'全网联盟分红',6,1531850401),(1094989,32698,0.44082350,15552.80176046,15553.24258396,'魔盒[839527326981]收益25天',5,1531929661),(1094990,32698,151.66549410,15553.24258396,15704.90807806,'魔盒[839532326984]收益25天',5,1531929661),(1094991,32698,0.44077570,15704.90807806,15705.34885376,'魔盒[869044326981]收益25天',5,1531929661),(1094992,32699,0.44012100,113533.11215138,113533.55227238,'魔盒[222205326991]收益25天',5,1531929661),(1094993,32700,0.44082660,2547.11051996,2547.55134656,'魔盒[230268327001]收益24天',5,1531929661),(1094994,32700,2.00024600,2547.55134656,2549.55159256,'魔盒[230526327002]收益24天',5,1531929661),(1094995,32701,0.44017320,114.74247592,115.18264912,'魔盒[241130327011]收益24天',5,1531929661),(1094996,32702,0.44079100,609.72082840,610.16161940,'魔盒[245157327021]收益24天',5,1531929661),(1094997,32698,21.67040170,15705.34885376,15727.01925546,'魔盒[294671326983]收益23天',5,1531929661),(1094998,32700,2.00039020,2549.55159256,2551.55198276,'魔盒[298331327002]收益23天',5,1531929661),(1094999,32699,2.00036140,113533.55227238,113535.55263378,'魔盒[298345326992]收益23天',5,1531929661),(1095000,32704,2.00019540,2504.28763647,2506.28783187,'魔盒[817537327042]收益17天',5,1531929661),(1095001,32704,151.66513710,2506.28783187,2657.95296897,'魔盒[817543327044]收益17天',5,1531929661),(1095002,32704,2.00049590,2657.95296897,2659.95346487,'魔盒[817650327042]收益17天',5,1531929661),(1095003,32707,2.00039800,874.71177689,876.71217489,'魔盒[820229327072]收益17天',5,1531929661),(1095004,32708,2.00040110,230.83618204,232.83658314,'魔盒[820254327082]收益17天',5,1531929661),(1095005,32707,21.67011430,876.71217489,898.38228919,'魔盒[820844327073]收益17天',5,1531929661),(1095006,32699,151.66541310,113535.55263378,113687.21804688,'魔盒[925332326994]收益16天',5,1531929661),(1095007,32699,0.44040600,113687.21804688,113687.65845288,'魔盒[672358326991]收益3天',5,1531929661),(1095008,32699,2.00018670,113687.65845288,113689.65863958,'魔盒[672361326992]收益3天',5,1531929661),(1095009,32699,21.67049810,113689.65863958,113711.32913768,'魔盒[672363326993]收益3天',5,1531929661),(1095010,32699,21.67022020,113711.32913768,113732.99935788,'魔盒[672368326993]收益3天',5,1531929661),(1095011,32699,21.67070950,113732.99935788,113754.67006738,'魔盒[672370326993]收益3天',5,1531929661),(1095012,32699,21.67062020,113754.67006738,113776.34068758,'魔盒[672371326993]收益3天',5,1531929661),(1095013,32699,2.00019430,113776.34068758,113778.34088188,'魔盒[672377326992]收益3天',5,1531929661),(1095014,32698,123.45000000,15727.01925546,15850.46925546,'全网联盟分红',6,1531936801),(1095015,32699,61.72500000,113778.34088188,113840.06588188,'全网联盟分红',6,1531936801),(1095016,32700,61.72500000,2551.55198276,2613.27698276,'全网联盟分红',6,1531936801),(1095017,32698,0.44080360,15850.46925546,15850.91005906,'魔盒[839527326981]收益26天',5,1532016061),(1095018,32698,151.66534880,15850.91005906,16002.57540786,'魔盒[839532326984]收益26天',5,1532016061),(1095019,32698,0.44051210,16002.57540786,16003.01591996,'魔盒[869044326981]收益26天',5,1532016061),(1095020,32699,0.44011020,113840.06588188,113840.50599208,'魔盒[222205326991]收益26天',5,1532016061),(1095021,32700,0.44095300,2613.27698276,2613.71793576,'魔盒[230268327001]收益25天',5,1532016061),(1095022,32700,2.00085060,2613.71793576,2615.71878636,'魔盒[230526327002]收益25天',5,1532016061),(1095023,32701,0.44025300,115.18264912,115.62290212,'魔盒[241130327011]收益25天',5,1532016061),(1095024,32702,0.44093620,610.16161940,610.60255560,'魔盒[245157327021]收益25天',5,1532016061),(1095025,32698,21.67093820,16003.01591996,16024.68685816,'魔盒[294671326983]收益24天',5,1532016061),(1095026,32700,2.00065730,2615.71878636,2617.71944366,'魔盒[298331327002]收益24天',5,1532016061),(1095027,32699,2.00057700,113840.50599208,113842.50656908,'魔盒[298345326992]收益24天',5,1532016061),(1095028,32704,2.00032600,2659.95346487,2661.95379087,'魔盒[817537327042]收益18天',5,1532016061),(1095029,32704,151.66519460,2661.95379087,2813.61898547,'魔盒[817543327044]收益18天',5,1532016061),(1095030,32704,2.00049660,2813.61898547,2815.61948207,'魔盒[817650327042]收益18天',5,1532016061),(1095031,32707,2.00084960,898.38228919,900.38313879,'魔盒[820229327072]收益18天',5,1532016061),(1095032,32708,2.00025970,232.83658314,234.83684284,'魔盒[820254327082]收益18天',5,1532016061),(1095033,32707,21.67078560,900.38313879,922.05392439,'魔盒[820844327073]收益18天',5,1532016061),(1095034,32699,151.66544500,113842.50656908,113994.17201408,'魔盒[925332326994]收益17天',5,1532016061),(1095035,32699,0.44021710,113994.17201408,113994.61223118,'魔盒[672358326991]收益4天',5,1532016061),(1095036,32699,2.00035340,113994.61223118,113996.61258458,'魔盒[672361326992]收益4天',5,1532016061),(1095037,32699,21.67064730,113996.61258458,114018.28323188,'魔盒[672363326993]收益4天',5,1532016061),(1095038,32699,21.67035360,114018.28323188,114039.95358548,'魔盒[672368326993]收益4天',5,1532016061),(1095039,32699,21.67029950,114039.95358548,114061.62388498,'魔盒[672370326993]收益4天',5,1532016061),(1095040,32699,21.67014400,114061.62388498,114083.29402898,'魔盒[672371326993]收益4天',5,1532016061),(1095041,32699,2.00078050,114083.29402898,114085.29480948,'魔盒[672377326992]收益4天',5,1532016061),(1095042,32698,123.45000000,16024.68685816,16148.13685816,'全网联盟分红',6,1532023201),(1095043,32699,61.72500000,114085.29480948,114147.01980948,'全网联盟分红',6,1532023201),(1095044,32700,61.72500000,2617.71944366,2679.44444366,'全网联盟分红',6,1532023201),(1095045,32698,0.44088580,16148.13685816,16148.57774396,'魔盒[839527326981]收益27天',5,1532102461),(1095046,32698,151.66524750,16148.57774396,16300.24299146,'魔盒[839532326984]收益27天',5,1532102461),(1095047,32698,0.44079090,16300.24299146,16300.68378236,'魔盒[869044326981]收益27天',5,1532102461),(1095048,32699,0.44095630,114147.01980948,114147.46076578,'魔盒[222205326991]收益27天',5,1532102461),(1095049,32700,0.44089060,2679.44444366,2679.88533426,'魔盒[230268327001]收益26天',5,1532102461),(1095050,32700,2.00065750,2679.88533426,2681.88599176,'魔盒[230526327002]收益26天',5,1532102461),(1095051,32701,0.44019350,115.62290212,116.06309562,'魔盒[241130327011]收益26天',5,1532102461),(1095052,32702,0.44033820,610.60255560,611.04289380,'魔盒[245157327021]收益26天',5,1532102461),(1095053,32698,21.67042600,16300.68378236,16322.35420836,'魔盒[294671326983]收益25天',5,1532102461),(1095054,32700,2.00018870,2681.88599176,2683.88618046,'魔盒[298331327002]收益25天',5,1532102461),(1095055,32699,2.00020670,114147.46076578,114149.46097248,'魔盒[298345326992]收益25天',5,1532102461),(1095056,32704,2.00015120,2815.61948207,2817.61963327,'魔盒[817537327042]收益19天',5,1532102461),(1095057,32704,151.66569210,2817.61963327,2969.28532537,'魔盒[817543327044]收益19天',5,1532102461),(1095058,32704,2.00082360,2969.28532537,2971.28614897,'魔盒[817650327042]收益19天',5,1532102461),(1095059,32707,2.00097220,922.05392439,924.05489659,'魔盒[820229327072]收益19天',5,1532102461),(1095060,32708,2.00014140,234.83684284,236.83698424,'魔盒[820254327082]收益19天',5,1532102461),(1095061,32707,21.67026020,924.05489659,945.72515679,'魔盒[820844327073]收益19天',5,1532102461),(1095062,32699,151.66516820,114149.46097248,114301.12614068,'魔盒[925332326994]收益18天',5,1532102461),(1095063,32699,0.44033350,114301.12614068,114301.56647418,'魔盒[672358326991]收益5天',5,1532102461),(1095064,32699,2.00064840,114301.56647418,114303.56712258,'魔盒[672361326992]收益5天',5,1532102461),(1095065,32699,21.67089490,114303.56712258,114325.23801748,'魔盒[672363326993]收益5天',5,1532102461),(1095066,32699,21.67059610,114325.23801748,114346.90861358,'魔盒[672368326993]收益5天',5,1532102461),(1095067,32699,21.67035530,114346.90861358,114368.57896888,'魔盒[672370326993]收益5天',5,1532102461),(1095068,32699,21.67017030,114368.57896888,114390.24913918,'魔盒[672371326993]收益5天',5,1532102461),(1095069,32699,2.00041950,114390.24913918,114392.24955868,'魔盒[672377326992]收益5天',5,1532102461),(1095070,32698,123.45000000,16322.35420836,16445.80420836,'全网联盟分红',6,1532109602),(1095071,32699,61.72500000,114392.24955868,114453.97455868,'全网联盟分红',6,1532109602),(1095072,32700,61.72500000,2683.88618046,2745.61118046,'全网联盟分红',6,1532109602),(1095073,32698,0.44060030,16445.80420836,16446.24480866,'魔盒[839527326981]收益28天',5,1532188861),(1095074,32698,151.66585270,16446.24480866,16597.91066136,'魔盒[839532326984]收益28天',5,1532188861),(1095075,32698,0.44034320,16597.91066136,16598.35100456,'魔盒[869044326981]收益28天',5,1532188861),(1095076,32699,0.44028150,114453.97455868,114454.41484018,'魔盒[222205326991]收益28天',5,1532188861),(1095077,32700,0.44064190,2745.61118046,2746.05182236,'魔盒[230268327001]收益27天',5,1532188861),(1095078,32700,2.00057830,2746.05182236,2748.05240066,'魔盒[230526327002]收益27天',5,1532188861),(1095079,32701,0.44074550,116.06309562,116.50384112,'魔盒[241130327011]收益27天',5,1532188861),(1095080,32702,0.44031040,611.04289380,611.48320420,'魔盒[245157327021]收益27天',5,1532188861),(1095081,32698,21.67044610,16598.35100456,16620.02145066,'魔盒[294671326983]收益26天',5,1532188861),(1095082,32700,2.00014210,2748.05240066,2750.05254276,'魔盒[298331327002]收益26天',5,1532188861),(1095083,32699,2.00074640,114454.41484018,114456.41558658,'魔盒[298345326992]收益26天',5,1532188861),(1095084,32704,2.00021150,2971.28614897,2973.28636047,'魔盒[817537327042]收益20天',5,1532188861),(1095085,32704,151.66526720,2973.28636047,3124.95162767,'魔盒[817543327044]收益20天',5,1532188861),(1095086,32704,2.00059720,3124.95162767,3126.95222487,'魔盒[817650327042]收益20天',5,1532188861),(1095087,32707,2.00073920,945.72515679,947.72589599,'魔盒[820229327072]收益20天',5,1532188861),(1095088,32708,2.00088770,236.83698424,238.83787194,'魔盒[820254327082]收益20天',5,1532188861),(1095089,32707,21.67024980,947.72589599,969.39614579,'魔盒[820844327073]收益20天',5,1532188861),(1095090,32699,151.66549750,114456.41558658,114608.08108408,'魔盒[925332326994]收益19天',5,1532188861),(1095091,32699,0.44073070,114608.08108408,114608.52181478,'魔盒[672358326991]收益6天',5,1532188861),(1095092,32699,2.00012620,114608.52181478,114610.52194098,'魔盒[672361326992]收益6天',5,1532188861),(1095093,32699,21.67016320,114610.52194098,114632.19210418,'魔盒[672363326993]收益6天',5,1532188861),(1095094,32699,21.67022270,114632.19210418,114653.86232688,'魔盒[672368326993]收益6天',5,1532188861),(1095095,32699,21.67085650,114653.86232688,114675.53318338,'魔盒[672370326993]收益6天',5,1532188861),(1095096,32699,21.67014220,114675.53318338,114697.20332558,'魔盒[672371326993]收益6天',5,1532188861),(1095097,32699,2.00014480,114697.20332558,114699.20347038,'魔盒[672377326992]收益6天',5,1532188861),(1095098,32698,123.45000000,16620.02145066,16743.47145066,'全网联盟分红',6,1532196001),(1095099,32699,61.72500000,114699.20347038,114760.92847038,'全网联盟分红',6,1532196001),(1095100,32700,61.72500000,2750.05254276,2811.77754276,'全网联盟分红',6,1532196001),(1095101,32698,0.44043720,16743.47145066,16743.91188786,'魔盒[839527326981]收益29天',5,1532275261),(1095102,32698,151.66582720,16743.91188786,16895.57771506,'魔盒[839532326984]收益29天',5,1532275261),(1095103,32698,0.44015340,16895.57771506,16896.01786846,'魔盒[869044326981]收益29天',5,1532275261),(1095104,32699,0.44048210,114760.92847038,114761.36895248,'魔盒[222205326991]收益29天',5,1532275261),(1095105,32700,0.44033710,2811.77754276,2812.21787986,'魔盒[230268327001]收益28天',5,1532275261),(1095106,32700,2.00038890,2812.21787986,2814.21826876,'魔盒[230526327002]收益28天',5,1532275261),(1095107,32701,0.44022960,116.50384112,116.94407072,'魔盒[241130327011]收益28天',5,1532275261),(1095108,32702,0.44012170,611.48320420,611.92332590,'魔盒[245157327021]收益28天',5,1532275261),(1095109,32698,21.67045130,16896.01786846,16917.68831976,'魔盒[294671326983]收益27天',5,1532275261),(1095110,32700,2.00097610,2814.21826876,2816.21924486,'魔盒[298331327002]收益27天',5,1532275261),(1095111,32699,2.00022660,114761.36895248,114763.36917908,'魔盒[298345326992]收益27天',5,1532275261),(1095112,32704,2.00061830,3126.95222487,3128.95284317,'魔盒[817537327042]收益21天',5,1532275261),(1095113,32704,151.66522720,3128.95284317,3280.61807037,'魔盒[817543327044]收益21天',5,1532275261),(1095114,32704,2.00010430,3280.61807037,3282.61817467,'魔盒[817650327042]收益21天',5,1532275261),(1095115,32707,2.00096620,969.39614579,971.39711199,'魔盒[820229327072]收益21天',5,1532275261),(1095116,32708,2.00025640,238.83787194,240.83812834,'魔盒[820254327082]收益21天',5,1532275261),(1095117,32707,21.67054660,971.39711199,993.06765859,'魔盒[820844327073]收益21天',5,1532275261),(1095118,32699,151.66592780,114763.36917908,114915.03510688,'魔盒[925332326994]收益20天',5,1532275261),(1095119,32699,0.44037750,114915.03510688,114915.47548438,'魔盒[672358326991]收益7天',5,1532275261),(1095120,32699,2.00013330,114915.47548438,114917.47561768,'魔盒[672361326992]收益7天',5,1532275261),(1095121,32699,21.67070600,114917.47561768,114939.14632368,'魔盒[672363326993]收益7天',5,1532275261),(1095122,32699,21.67076860,114939.14632368,114960.81709228,'魔盒[672368326993]收益7天',5,1532275261),(1095123,32699,21.67062850,114960.81709228,114982.48772078,'魔盒[672370326993]收益7天',5,1532275261),(1095124,32699,21.67042320,114982.48772078,115004.15814398,'魔盒[672371326993]收益7天',5,1532275261),(1095125,32699,2.00075070,115004.15814398,115006.15889468,'魔盒[672377326992]收益7天',5,1532275261),(1095126,32698,123.45000000,16917.68831976,17041.13831976,'全网联盟分红',6,1532282401),(1095127,32699,61.72500000,115006.15889468,115067.88389468,'全网联盟分红',6,1532282401),(1095128,32700,61.72500000,2816.21924486,2877.94424486,'全网联盟分红',6,1532282401),(1095129,32698,0.29117909,17041.13831976,17041.42949885,'魔盒[839527326981]收益30天',5,1532361662),(1095130,32698,151.66532570,17041.42949885,17193.09482455,'魔盒[839532326984]收益30天',5,1532361662),(1095131,32698,0.00124471,17193.09482455,17193.09606926,'魔盒[869044326981]收益30天',5,1532361662),(1095132,32699,0.29296475,115067.88389468,115068.17685943,'魔盒[222205326991]收益30天',5,1532361662),(1095133,32700,0.44095040,2877.94424486,2878.38519526,'魔盒[230268327001]收益29天',5,1532361662),(1095134,32700,2.00053910,2878.38519526,2880.38573436,'魔盒[230526327002]收益29天',5,1532361662),(1095135,32701,0.44092640,116.94407072,117.38499712,'魔盒[241130327011]收益29天',5,1532361662),(1095136,32702,0.44043590,611.92332590,612.36376180,'魔盒[245157327021]收益29天',5,1532361662),(1095137,32698,21.67020150,17193.09606926,17214.76627076,'魔盒[294671326983]收益28天',5,1532361662),(1095138,32700,2.00065530,2880.38573436,2882.38638966,'魔盒[298331327002]收益28天',5,1532361662),(1095139,32699,2.00070230,115068.17685943,115070.17756173,'魔盒[298345326992]收益28天',5,1532361662),(1095140,32704,2.00058560,3282.61817467,3284.61876027,'魔盒[817537327042]收益22天',5,1532361662),(1095141,32704,151.66598900,3284.61876027,3436.28474927,'魔盒[817543327044]收益22天',5,1532361662),(1095142,32704,2.00067690,3436.28474927,3438.28542617,'魔盒[817650327042]收益22天',5,1532361662),(1095143,32707,2.00021040,993.06765859,995.06786899,'魔盒[820229327072]收益22天',5,1532361662),(1095144,32708,2.00056300,240.83812834,242.83869134,'魔盒[820254327082]收益22天',5,1532361662),(1095145,32707,21.67032370,995.06786899,1016.73819269,'魔盒[820844327073]收益22天',5,1532361662),(1095146,32699,151.66516950,115070.17756173,115221.84273123,'魔盒[925332326994]收益21天',5,1532361662),(1095147,32699,0.44055230,115221.84273123,115222.28328353,'魔盒[672358326991]收益8天',5,1532361662),(1095148,32699,2.00092620,115222.28328353,115224.28420973,'魔盒[672361326992]收益8天',5,1532361662),(1095149,32699,21.67071610,115224.28420973,115245.95492583,'魔盒[672363326993]收益8天',5,1532361662),(1095150,32699,21.67046330,115245.95492583,115267.62538913,'魔盒[672368326993]收益8天',5,1532361662),(1095151,32699,21.67020590,115267.62538913,115289.29559503,'魔盒[672370326993]收益8天',5,1532361662),(1095152,32699,21.67066930,115289.29559503,115310.96626433,'魔盒[672371326993]收益8天',5,1532361662),(1095153,32699,2.00090880,115310.96626433,115312.96717313,'魔盒[672377326992]收益8天',5,1532361662),(1095154,32698,123.45000000,17214.76627076,17338.21627076,'全网联盟分红',6,1532368802),(1095155,32699,61.72500000,115312.96717313,115374.69217313,'全网联盟分红',6,1532368802),(1095156,32700,61.72500000,2882.38638966,2944.11138966,'全网联盟分红',6,1532368802),(1095157,32698,151.66552680,17338.21627076,17489.88179756,'魔盒[839532326984]收益31天',5,1532448061),(1095158,32700,0.33361803,2944.11138966,2944.44500769,'魔盒[230268327001]收益30天',5,1532448061),(1095159,32700,2.00083160,2944.44500769,2946.44583929,'魔盒[230526327002]收益30天',5,1532448061),(1095160,32701,0.38930022,117.38499712,117.77429734,'魔盒[241130327011]收益30天',5,1532448061),(1095161,32702,0.40933307,612.36376180,612.77309487,'魔盒[245157327021]收益30天',5,1532448061),(1095162,32698,21.67087110,17489.88179756,17511.55266866,'魔盒[294671326983]收益29天',5,1532448061),(1095163,32700,2.00098560,2946.44583929,2948.44682489,'魔盒[298331327002]收益29天',5,1532448061),(1095164,32699,2.00076910,115374.69217313,115376.69294223,'魔盒[298345326992]收益29天',5,1532448061),(1095165,32704,2.00098390,3438.28542617,3440.28641007,'魔盒[817537327042]收益23天',5,1532448061),(1095166,32704,151.66525270,3440.28641007,3591.95166277,'魔盒[817543327044]收益23天',5,1532448061),(1095167,32704,2.00053230,3591.95166277,3593.95219507,'魔盒[817650327042]收益23天',5,1532448062),(1095168,32707,2.00023260,1016.73819269,1018.73842529,'魔盒[820229327072]收益23天',5,1532448062),(1095169,32708,2.00074520,242.83869134,244.83943654,'魔盒[820254327082]收益23天',5,1532448062),(1095170,32707,21.67091170,1018.73842529,1040.40933699,'魔盒[820844327073]收益23天',5,1532448062),(1095171,32699,151.66582650,115376.69294223,115528.35876873,'魔盒[925332326994]收益22天',5,1532448062),(1095172,32699,0.44067360,115528.35876873,115528.79944233,'魔盒[672358326991]收益9天',5,1532448062),(1095173,32699,2.00017530,115528.79944233,115530.79961763,'魔盒[672361326992]收益9天',5,1532448062),(1095174,32699,21.67088490,115530.79961763,115552.47050253,'魔盒[672363326993]收益9天',5,1532448062),(1095175,32699,21.67041740,115552.47050253,115574.14091993,'魔盒[672368326993]收益9天',5,1532448062),(1095176,32699,21.67067040,115574.14091993,115595.81159033,'魔盒[672370326993]收益9天',5,1532448062),(1095177,32699,21.67074470,115595.81159033,115617.48233503,'魔盒[672371326993]收益9天',5,1532448062),(1095178,32699,2.00098220,115617.48233503,115619.48331723,'魔盒[672377326992]收益9天',5,1532448062),(1095179,32698,123.45000000,17511.55266866,17635.00266866,'全网联盟分红',6,1532455202),(1095180,32699,61.72500000,115619.48331723,115681.20831723,'全网联盟分红',6,1532455202),(1095181,32700,61.72500000,2948.44682489,3010.17182489,'全网联盟分红',6,1532455202),(1095182,32698,151.66557820,17635.00266866,17786.66824686,'魔盒[839532326984]收益32天',5,1532534461),(1095183,32700,2.00019720,3010.17182489,3012.17202209,'魔盒[230526327002]收益31天',5,1532534461),(1095184,32698,21.67068950,17786.66824686,17808.33893636,'魔盒[294671326983]收益30天',5,1532534461),(1095185,32700,2.00023000,3012.17202209,3014.17225209,'魔盒[298331327002]收益30天',5,1532534461),(1095186,32699,2.00010660,115681.20831723,115683.20842383,'魔盒[298345326992]收益30天',5,1532534461),(1095187,32704,2.00042780,3593.95219507,3595.95262287,'魔盒[817537327042]收益24天',5,1532534461),(1095188,32704,151.66525300,3595.95262287,3747.61787587,'魔盒[817543327044]收益24天',5,1532534461),(1095189,32704,2.00012750,3747.61787587,3749.61800337,'魔盒[817650327042]收益24天',5,1532534461),(1095190,32707,2.00081100,1040.40933699,1042.41014799,'魔盒[820229327072]收益24天',5,1532534461),(1095191,32708,2.00055510,244.83943654,246.83999164,'魔盒[820254327082]收益24天',5,1532534461),(1095192,32707,21.67013320,1042.41014799,1064.08028119,'魔盒[820844327073]收益24天',5,1532534461),(1095193,32699,151.66533570,115683.20842383,115834.87375953,'魔盒[925332326994]收益23天',5,1532534461),(1095194,32699,0.44086920,115834.87375953,115835.31462873,'魔盒[672358326991]收益10天',5,1532534461),(1095195,32699,2.00018890,115835.31462873,115837.31481763,'魔盒[672361326992]收益10天',5,1532534461),(1095196,32699,21.67085970,115837.31481763,115858.98567733,'魔盒[672363326993]收益10天',5,1532534461),(1095197,32699,21.67097060,115858.98567733,115880.65664793,'魔盒[672368326993]收益10天',5,1532534461),(1095198,32699,21.67091250,115880.65664793,115902.32756043,'魔盒[672370326993]收益10天',5,1532534461),(1095199,32699,21.67079070,115902.32756043,115923.99835113,'魔盒[672371326993]收益10天',5,1532534461),(1095200,32699,2.00082060,115923.99835113,115925.99917173,'魔盒[672377326992]收益10天',5,1532534461),(1095201,32698,123.45000000,17808.33893636,17931.78893636,'全网联盟分红',6,1532541601),(1095202,32699,61.72500000,115925.99917173,115987.72417173,'全网联盟分红',6,1532541601),(1095203,32700,61.72500000,3014.17225209,3075.89725209,'全网联盟分红',6,1532541601),(1095204,32698,151.66522250,17931.78893636,18083.45415886,'魔盒[839532326984]收益33天',5,1532620861),(1095205,32700,2.00078830,3075.89725209,3077.89804039,'魔盒[230526327002]收益32天',5,1532620861),(1095206,32698,21.67063280,18083.45415886,18105.12479166,'魔盒[294671326983]收益31天',5,1532620861),(1095207,32700,2.00076860,3077.89804039,3079.89880899,'魔盒[298331327002]收益31天',5,1532620861),(1095208,32699,2.00056810,115987.72417173,115989.72473983,'魔盒[298345326992]收益31天',5,1532620861),(1095209,32704,2.00051740,3749.61800337,3751.61852077,'魔盒[817537327042]收益25天',5,1532620861),(1095210,32704,151.66589650,3751.61852077,3903.28441727,'魔盒[817543327044]收益25天',5,1532620861),(1095211,32704,2.00040390,3903.28441727,3905.28482117,'魔盒[817650327042]收益25天',5,1532620861),(1095212,32707,2.00045750,1064.08028119,1066.08073869,'魔盒[820229327072]收益25天',5,1532620861),(1095213,32708,2.00020300,246.83999164,248.84019464,'魔盒[820254327082]收益25天',5,1532620861),(1095214,32707,21.67086170,1066.08073869,1087.75160039,'魔盒[820844327073]收益25天',5,1532620861),(1095215,32699,151.66535970,115989.72473983,116141.39009953,'魔盒[925332326994]收益24天',5,1532620861),(1095216,32699,0.44079270,116141.39009953,116141.83089223,'魔盒[672358326991]收益11天',5,1532620861),(1095217,32699,2.00013530,116141.83089223,116143.83102753,'魔盒[672361326992]收益11天',5,1532620861),(1095218,32699,21.67043170,116143.83102753,116165.50145923,'魔盒[672363326993]收益11天',5,1532620861),(1095219,32699,21.67019660,116165.50145923,116187.17165583,'魔盒[672368326993]收益11天',5,1532620861),(1095220,32699,21.67065310,116187.17165583,116208.84230893,'魔盒[672370326993]收益11天',5,1532620861),(1095221,32699,21.67038210,116208.84230893,116230.51269103,'魔盒[672371326993]收益11天',5,1532620861),(1095222,32699,2.00043350,116230.51269103,116232.51312453,'魔盒[672377326992]收益11天',5,1532620862),(1095223,32698,123.45000000,18105.12479166,18228.57479166,'全网联盟分红',6,1532628001),(1095224,32699,61.72500000,116232.51312453,116294.23812453,'全网联盟分红',6,1532628001),(1095225,32700,61.72500000,3079.89880899,3141.62380899,'全网联盟分红',6,1532628001),(1095226,32698,151.66590900,18228.57479166,18380.24070066,'魔盒[839532326984]收益34天',5,1532707261),(1095227,32700,2.00034440,3141.62380899,3143.62415339,'魔盒[230526327002]收益33天',5,1532707261),(1095228,32698,21.67037420,18380.24070066,18401.91107486,'魔盒[294671326983]收益32天',5,1532707261),(1095229,32700,2.00042430,3143.62415339,3145.62457769,'魔盒[298331327002]收益32天',5,1532707261),(1095230,32699,2.00073210,116294.23812453,116296.23885663,'魔盒[298345326992]收益32天',5,1532707261),(1095231,32704,2.00091520,3905.28482117,3907.28573637,'魔盒[817537327042]收益26天',5,1532707261),(1095232,32704,151.66520620,3907.28573637,4058.95094257,'魔盒[817543327044]收益26天',5,1532707261),(1095233,32704,2.00081070,4058.95094257,4060.95175327,'魔盒[817650327042]收益26天',5,1532707261),(1095234,32707,2.00078520,1087.75160039,1089.75238559,'魔盒[820229327072]收益26天',5,1532707261),(1095235,32708,2.00041620,248.84019464,250.84061084,'魔盒[820254327082]收益26天',5,1532707261),(1095236,32707,21.67043090,1089.75238559,1111.42281649,'魔盒[820844327073]收益26天',5,1532707261),(1095237,32699,151.66570250,116296.23885663,116447.90455913,'魔盒[925332326994]收益25天',5,1532707261),(1095238,32699,0.44049260,116447.90455913,116448.34505173,'魔盒[672358326991]收益12天',5,1532707261),(1095239,32699,2.00031110,116448.34505173,116450.34536283,'魔盒[672361326992]收益12天',5,1532707261),(1095240,32699,21.67076480,116450.34536283,116472.01612763,'魔盒[672363326993]收益12天',5,1532707261),(1095241,32699,21.67077810,116472.01612763,116493.68690573,'魔盒[672368326993]收益12天',5,1532707261),(1095242,32699,21.67084970,116493.68690573,116515.35775543,'魔盒[672370326993]收益12天',5,1532707261),(1095243,32699,21.67091570,116515.35775543,116537.02867113,'魔盒[672371326993]收益12天',5,1532707261),(1095244,32699,2.00024870,116537.02867113,116539.02891983,'魔盒[672377326992]收益12天',5,1532707261),(1095245,32698,123.45000000,18401.91107486,18525.36107486,'全网联盟分红',6,1532714401),(1095246,32699,61.72500000,116539.02891983,116600.75391983,'全网联盟分红',6,1532714401),(1095247,32700,61.72500000,3145.62457769,3207.34957769,'全网联盟分红',6,1532714401),(1095248,32698,151.66559240,18525.36107486,18677.02666726,'魔盒[839532326984]收益35天',5,1532793662),(1095249,32700,2.00018510,3207.34957769,3209.34976279,'魔盒[230526327002]收益34天',5,1532793662),(1095250,32698,21.67098410,18677.02666726,18698.69765136,'魔盒[294671326983]收益33天',5,1532793662),(1095251,32700,2.00018840,3209.34976279,3211.34995119,'魔盒[298331327002]收益33天',5,1532793662),(1095252,32699,2.00052570,116600.75391983,116602.75444553,'魔盒[298345326992]收益33天',5,1532793662),(1095253,32704,2.00048920,4060.95175327,4062.95224247,'魔盒[817537327042]收益27天',5,1532793662),(1095254,32704,151.66585350,4062.95224247,4214.61809597,'魔盒[817543327044]收益27天',5,1532793662),(1095255,32704,2.00011350,4214.61809597,4216.61820947,'魔盒[817650327042]收益27天',5,1532793662),(1095256,32707,2.00068890,1111.42281649,1113.42350539,'魔盒[820229327072]收益27天',5,1532793662),(1095257,32708,2.00038550,250.84061084,252.84099634,'魔盒[820254327082]收益27天',5,1532793662),(1095258,32707,21.67014300,1113.42350539,1135.09364839,'魔盒[820844327073]收益27天',5,1532793662),(1095259,32699,151.66593980,116602.75444553,116754.42038533,'魔盒[925332326994]收益26天',5,1532793662),(1095260,32699,0.44099280,116754.42038533,116754.86137813,'魔盒[672358326991]收益13天',5,1532793662),(1095261,32699,2.00075030,116754.86137813,116756.86212843,'魔盒[672361326992]收益13天',5,1532793662),(1095262,32699,21.67056380,116756.86212843,116778.53269223,'魔盒[672363326993]收益13天',5,1532793662),(1095263,32699,21.67083780,116778.53269223,116800.20353003,'魔盒[672368326993]收益13天',5,1532793662),(1095264,32699,21.67018660,116800.20353003,116821.87371663,'魔盒[672370326993]收益13天',5,1532793662),(1095265,32699,21.67014760,116821.87371663,116843.54386423,'魔盒[672371326993]收益13天',5,1532793662),(1095266,32699,2.00065800,116843.54386423,116845.54452223,'魔盒[672377326992]收益13天',5,1532793662),(1095267,32698,123.45000000,18698.69765136,18822.14765136,'全网联盟分红',6,1532800801),(1095268,32699,61.72500000,116845.54452223,116907.26952223,'全网联盟分红',6,1532800801),(1095269,32700,61.72500000,3211.34995119,3273.07495119,'全网联盟分红',6,1532800801),(1095270,32698,151.66595170,18822.14765136,18973.81360306,'魔盒[839532326984]收益36天',5,1532880061),(1095271,32700,2.00086250,3273.07495119,3275.07581369,'魔盒[230526327002]收益35天',5,1532880061),(1095272,32698,21.67046800,18973.81360306,18995.48407106,'魔盒[294671326983]收益34天',5,1532880061),(1095273,32700,2.00065590,3275.07581369,3277.07646959,'魔盒[298331327002]收益34天',5,1532880061),(1095274,32699,2.00059920,116907.26952223,116909.27012143,'魔盒[298345326992]收益34天',5,1532880061),(1095275,32704,2.00043110,4216.61820947,4218.61864057,'魔盒[817537327042]收益28天',5,1532880061),(1095276,32704,151.66555670,4218.61864057,4370.28419727,'魔盒[817543327044]收益28天',5,1532880061),(1095277,32704,2.00015000,4370.28419727,4372.28434727,'魔盒[817650327042]收益28天',5,1532880061),(1095278,32707,2.00056320,1135.09364839,1137.09421159,'魔盒[820229327072]收益28天',5,1532880061),(1095279,32708,2.00062000,252.84099634,254.84161634,'魔盒[820254327082]收益28天',5,1532880061),(1095280,32707,21.67087140,1137.09421159,1158.76508299,'魔盒[820844327073]收益28天',5,1532880061),(1095281,32699,151.66580150,116909.27012143,117060.93592293,'魔盒[925332326994]收益27天',5,1532880061),(1095282,32699,0.44020360,117060.93592293,117061.37612653,'魔盒[672358326991]收益14天',5,1532880061),(1095283,32699,2.00067690,117061.37612653,117063.37680343,'魔盒[672361326992]收益14天',5,1532880061),(1095284,32699,21.67077100,117063.37680343,117085.04757443,'魔盒[672363326993]收益14天',5,1532880061),(1095285,32699,21.67085570,117085.04757443,117106.71843013,'魔盒[672368326993]收益14天',5,1532880061),(1095286,32699,21.67058040,117106.71843013,117128.38901053,'魔盒[672370326993]收益14天',5,1532880061),(1095287,32699,21.67078160,117128.38901053,117150.05979213,'魔盒[672371326993]收益14天',5,1532880061),(1095288,32699,2.00072520,117150.05979213,117152.06051733,'魔盒[672377326992]收益14天',5,1532880061),(1095289,32698,123.45000000,18995.48407106,19118.93407106,'全网联盟分红',6,1532887201),(1095290,32699,61.72500000,117152.06051733,117213.78551733,'全网联盟分红',6,1532887201),(1095291,32700,61.72500000,3277.07646959,3338.80146959,'全网联盟分红',6,1532887201),(1095292,32698,151.66522560,19118.93407106,19270.59929666,'魔盒[839532326984]收益37天',5,1532966461),(1095293,32700,2.00067010,3338.80146959,3340.80213969,'魔盒[230526327002]收益36天',5,1532966461),(1095294,32698,21.67067340,19270.59929666,19292.26997006,'魔盒[294671326983]收益35天',5,1532966461),(1095295,32700,2.00071100,3340.80213969,3342.80285069,'魔盒[298331327002]收益35天',5,1532966461),(1095296,32699,2.00072290,117213.78551733,117215.78624023,'魔盒[298345326992]收益35天',5,1532966461),(1095297,32704,2.00075710,4372.28434727,4374.28510437,'魔盒[817537327042]收益29天',5,1532966461),(1095298,32704,151.66539390,4374.28510437,4525.95049827,'魔盒[817543327044]收益29天',5,1532966461),(1095299,32704,2.00032380,4525.95049827,4527.95082207,'魔盒[817650327042]收益29天',5,1532966461),(1095300,32707,2.00028920,1158.76508299,1160.76537219,'魔盒[820229327072]收益29天',5,1532966461),(1095301,32708,2.00099220,254.84161634,256.84260854,'魔盒[820254327082]收益29天',5,1532966461),(1095302,32707,21.67098710,1160.76537219,1182.43635929,'魔盒[820844327073]收益29天',5,1532966461),(1095303,32699,151.66538890,117215.78624023,117367.45162913,'魔盒[925332326994]收益28天',5,1532966461),(1095304,32699,0.44015360,117367.45162913,117367.89178273,'魔盒[672358326991]收益15天',5,1532966461),(1095305,32699,2.00066350,117367.89178273,117369.89244623,'魔盒[672361326992]收益15天',5,1532966461),(1095306,32699,21.67073590,117369.89244623,117391.56318213,'魔盒[672363326993]收益15天',5,1532966461),(1095307,32699,21.67030510,117391.56318213,117413.23348723,'魔盒[672368326993]收益15天',5,1532966461),(1095308,32699,21.67076110,117413.23348723,117434.90424833,'魔盒[672370326993]收益15天',5,1532966461),(1095309,32699,21.67089950,117434.90424833,117456.57514783,'魔盒[672371326993]收益15天',5,1532966461),(1095310,32699,2.00095010,117456.57514783,117458.57609793,'魔盒[672377326992]收益15天',5,1532966461),(1095311,32698,123.45000000,19292.26997006,19415.71997006,'全网联盟分红',6,1532973601),(1095312,32699,61.72500000,117458.57609793,117520.30109793,'全网联盟分红',6,1532973601),(1095313,32700,61.72500000,3342.80285069,3404.52785069,'全网联盟分红',6,1532973601),(1095314,32698,151.66533950,19415.71997006,19567.38530956,'魔盒[839532326984]收益38天',5,1533052861),(1095315,32700,2.00063780,3404.52785069,3406.52848849,'魔盒[230526327002]收益37天',5,1533052861),(1095316,32698,21.67092780,19567.38530956,19589.05623736,'魔盒[294671326983]收益36天',5,1533052861),(1095317,32700,2.00090070,3406.52848849,3408.52938919,'魔盒[298331327002]收益36天',5,1533052861),(1095318,32699,2.00083190,117520.30109793,117522.30192983,'魔盒[298345326992]收益36天',5,1533052861),(1095319,32704,2.00042210,4527.95082207,4529.95124417,'魔盒[817537327042]收益30天',5,1533052861),(1095320,32704,151.66553700,4529.95124417,4681.61678117,'魔盒[817543327044]收益30天',5,1533052861),(1095321,32704,2.00034650,4681.61678117,4683.61712767,'魔盒[817650327042]收益30天',5,1533052861),(1095322,32707,2.00048820,1182.43635929,1184.43684749,'魔盒[820229327072]收益30天',5,1533052861),(1095323,32708,2.00051930,256.84260854,258.84312784,'魔盒[820254327082]收益30天',5,1533052861),(1095324,32707,21.67028550,1184.43684749,1206.10713299,'魔盒[820844327073]收益30天',5,1533052861),(1095325,32699,151.66593100,117522.30192983,117673.96786083,'魔盒[925332326994]收益29天',5,1533052861),(1095326,32699,0.44041290,117673.96786083,117674.40827373,'魔盒[672358326991]收益16天',5,1533052861),(1095327,32699,2.00066930,117674.40827373,117676.40894303,'魔盒[672361326992]收益16天',5,1533052861),(1095328,32699,21.67083250,117676.40894303,117698.07977553,'魔盒[672363326993]收益16天',5,1533052861),(1095329,32699,21.67094370,117698.07977553,117719.75071923,'魔盒[672368326993]收益16天',5,1533052861),(1095330,32699,21.67039730,117719.75071923,117741.42111653,'魔盒[672370326993]收益16天',5,1533052861),(1095331,32699,21.67082460,117741.42111653,117763.09194113,'魔盒[672371326993]收益16天',5,1533052861),(1095332,32699,2.00037190,117763.09194113,117765.09231303,'魔盒[672377326992]收益16天',5,1533052861),(1095333,32698,123.45000000,19589.05623736,19712.50623736,'全网联盟分红',6,1533060002),(1095334,32699,61.72500000,117765.09231303,117826.81731303,'全网联盟分红',6,1533060002),(1095335,32700,61.72500000,3408.52938919,3470.25438919,'全网联盟分红',6,1533060002),(1095336,32698,151.66529160,19712.50623736,19864.17152896,'魔盒[839532326984]收益39天',5,1533139261),(1095337,32700,2.00046060,3470.25438919,3472.25484979,'魔盒[230526327002]收益38天',5,1533139261),(1095338,32698,21.67073260,19864.17152896,19885.84226156,'魔盒[294671326983]收益37天',5,1533139261),(1095339,32700,2.00040760,3472.25484979,3474.25525739,'魔盒[298331327002]收益37天',5,1533139261),(1095340,32699,2.00089500,117826.81731303,117828.81820803,'魔盒[298345326992]收益37天',5,1533139261),(1095341,32704,2.00040500,4683.61712767,4685.61753267,'魔盒[817537327042]收益31天',5,1533139261),(1095342,32704,151.66580080,4685.61753267,4837.28333347,'魔盒[817543327044]收益31天',5,1533139261),(1095343,32704,2.00047250,4837.28333347,4839.28380597,'魔盒[817650327042]收益31天',5,1533139261),(1095344,32707,2.00084300,1206.10713299,1208.10797599,'魔盒[820229327072]收益31天',5,1533139261),(1095345,32708,2.00097810,258.84312784,260.84410594,'魔盒[820254327082]收益31天',5,1533139261),(1095346,32707,21.67096710,1208.10797599,1229.77894309,'魔盒[820844327073]收益31天',5,1533139261),(1095347,32699,151.66529880,117828.81820803,117980.48350683,'魔盒[925332326994]收益30天',5,1533139261),(1095348,32699,0.44028920,117980.48350683,117980.92379603,'魔盒[672358326991]收益17天',5,1533139261),(1095349,32699,2.00060780,117980.92379603,117982.92440383,'魔盒[672361326992]收益17天',5,1533139261),(1095350,32699,21.67098530,117982.92440383,118004.59538913,'魔盒[672363326993]收益17天',5,1533139261),(1095351,32699,21.67089900,118004.59538913,118026.26628813,'魔盒[672368326993]收益17天',5,1533139261),(1095352,32699,21.67070080,118026.26628813,118047.93698893,'魔盒[672370326993]收益17天',5,1533139261),(1095353,32699,21.67035770,118047.93698893,118069.60734663,'魔盒[672371326993]收益17天',5,1533139261),(1095354,32699,2.00076770,118069.60734663,118071.60811433,'魔盒[672377326992]收益17天',5,1533139261),(1095355,32698,123.45000000,19885.84226156,20009.29226156,'全网联盟分红',6,1533146401),(1095356,32699,61.72500000,118071.60811433,118133.33311433,'全网联盟分红',6,1533146401),(1095357,32700,61.72500000,3474.25525739,3535.98025739,'全网联盟分红',6,1533146401),(1095358,32698,151.66558000,20009.29226156,20160.95784156,'魔盒[839532326984]收益40天',5,1533225661),(1095359,32700,2.00058390,3535.98025739,3537.98084129,'魔盒[230526327002]收益39天',5,1533225661),(1095360,32698,21.67075030,20160.95784156,20182.62859186,'魔盒[294671326983]收益38天',5,1533225661),(1095361,32700,2.00014630,3537.98084129,3539.98098759,'魔盒[298331327002]收益38天',5,1533225661),(1095362,32699,2.00013550,118133.33311433,118135.33324983,'魔盒[298345326992]收益38天',5,1533225661),(1095363,32704,2.00061030,4839.28380597,4841.28441627,'魔盒[817537327042]收益32天',5,1533225661),(1095364,32704,151.66520030,4841.28441627,4992.94961657,'魔盒[817543327044]收益32天',5,1533225661),(1095365,32704,2.00035430,4992.94961657,4994.94997087,'魔盒[817650327042]收益32天',5,1533225661),(1095366,32707,2.00069370,1229.77894309,1231.77963679,'魔盒[820229327072]收益32天',5,1533225661),(1095367,32708,2.00022260,260.84410594,262.84432854,'魔盒[820254327082]收益32天',5,1533225661),(1095368,32707,21.67041060,1231.77963679,1253.45004739,'魔盒[820844327073]收益32天',5,1533225661),(1095369,32699,151.66589470,118135.33324983,118286.99914453,'魔盒[925332326994]收益31天',5,1533225661),(1095370,32699,0.44093610,118286.99914453,118287.44008063,'魔盒[672358326991]收益18天',5,1533225661),(1095371,32699,2.00049210,118287.44008063,118289.44057273,'魔盒[672361326992]收益18天',5,1533225661),(1095372,32699,21.67099060,118289.44057273,118311.11156333,'魔盒[672363326993]收益18天',5,1533225661),(1095373,32699,21.67070530,118311.11156333,118332.78226863,'魔盒[672368326993]收益18天',5,1533225661),(1095374,32699,21.67091050,118332.78226863,118354.45317913,'魔盒[672370326993]收益18天',5,1533225661),(1095375,32699,21.67044100,118354.45317913,118376.12362013,'魔盒[672371326993]收益18天',5,1533225661),(1095376,32699,2.00050050,118376.12362013,118378.12412063,'魔盒[672377326992]收益18天',5,1533225661),(1095377,32698,123.45000000,20182.62859186,20306.07859186,'全网联盟分红',6,1533232801),(1095378,32699,61.72500000,118378.12412063,118439.84912063,'全网联盟分红',6,1533232801),(1095379,32700,61.72500000,3539.98098759,3601.70598759,'全网联盟分红',6,1533232801),(1095380,32698,151.66565420,20306.07859186,20457.74424606,'魔盒[839532326984]收益41天',5,1533312062),(1095381,32700,2.00066170,3601.70598759,3603.70664929,'魔盒[230526327002]收益40天',5,1533312062),(1095382,32698,21.67047600,20457.74424606,20479.41472206,'魔盒[294671326983]收益39天',5,1533312062),(1095383,32700,2.00044510,3603.70664929,3605.70709439,'魔盒[298331327002]收益39天',5,1533312062),(1095384,32699,2.00022880,118439.84912063,118441.84934943,'魔盒[298345326992]收益39天',5,1533312062),(1095385,32704,2.00054720,4994.94997087,4996.95051807,'魔盒[817537327042]收益33天',5,1533312062),(1095386,32704,151.66562620,4996.95051807,5148.61614427,'魔盒[817543327044]收益33天',5,1533312062),(1095387,32704,2.00021120,5148.61614427,5150.61635547,'魔盒[817650327042]收益33天',5,1533312062),(1095388,32707,2.00051280,1253.45004739,1255.45056019,'魔盒[820229327072]收益33天',5,1533312062),(1095389,32708,2.00030900,262.84432854,264.84463754,'魔盒[820254327082]收益33天',5,1533312062),(1095390,32707,21.67089740,1255.45056019,1277.12145759,'魔盒[820844327073]收益33天',5,1533312062),(1095391,32699,151.66573890,118441.84934943,118593.51508833,'魔盒[925332326994]收益32天',5,1533312062),(1095392,32699,0.44044280,118593.51508833,118593.95553113,'魔盒[672358326991]收益19天',5,1533312062),(1095393,32699,2.00022290,118593.95553113,118595.95575403,'魔盒[672361326992]收益19天',5,1533312062),(1095394,32699,21.67015590,118595.95575403,118617.62590993,'魔盒[672363326993]收益19天',5,1533312062),(1095395,32699,21.67032430,118617.62590993,118639.29623423,'魔盒[672368326993]收益19天',5,1533312062),(1095396,32699,21.67087660,118639.29623423,118660.96711083,'魔盒[672370326993]收益19天',5,1533312062),(1095397,32699,21.67069370,118660.96711083,118682.63780453,'魔盒[672371326993]收益19天',5,1533312062),(1095398,32699,2.00034450,118682.63780453,118684.63814903,'魔盒[672377326992]收益19天',5,1533312062),(1095399,32698,123.45000000,20479.41472206,20602.86472206,'全网联盟分红',6,1533319201),(1095400,32699,61.72500000,118684.63814903,118746.36314903,'全网联盟分红',6,1533319201),(1095401,32700,61.72500000,3605.70709439,3667.43209439,'全网联盟分红',6,1533319201),(1095402,32698,151.66523020,20602.86472206,20754.52995226,'魔盒[839532326984]收益42天',5,1533398461),(1095403,32700,2.00038480,3667.43209439,3669.43247919,'魔盒[230526327002]收益41天',5,1533398461),(1095404,32698,21.67042340,20754.52995226,20776.20037566,'魔盒[294671326983]收益40天',5,1533398461),(1095405,32700,2.00032110,3669.43247919,3671.43280029,'魔盒[298331327002]收益40天',5,1533398461),(1095406,32699,2.00093360,118746.36314903,118748.36408263,'魔盒[298345326992]收益40天',5,1533398461),(1095407,32704,2.00023010,5150.61635547,5152.61658557,'魔盒[817537327042]收益34天',5,1533398461),(1095408,32704,151.66515930,5152.61658557,5304.28174487,'魔盒[817543327044]收益34天',5,1533398461),(1095409,32704,2.00040290,5304.28174487,5306.28214777,'魔盒[817650327042]收益34天',5,1533398461),(1095410,32707,2.00073310,1277.12145759,1279.12219069,'魔盒[820229327072]收益34天',5,1533398461),(1095411,32708,2.00082040,264.84463754,266.84545794,'魔盒[820254327082]收益34天',5,1533398461),(1095412,32707,21.67056360,1279.12219069,1300.79275429,'魔盒[820844327073]收益34天',5,1533398461),(1095413,32699,151.66598330,118748.36408263,118900.03006593,'魔盒[925332326994]收益33天',5,1533398461),(1095414,32699,0.44073800,118900.03006593,118900.47080393,'魔盒[672358326991]收益20天',5,1533398461),(1095415,32699,2.00097310,118900.47080393,118902.47177703,'魔盒[672361326992]收益20天',5,1533398461),(1095416,32699,21.67077920,118902.47177703,118924.14255623,'魔盒[672363326993]收益20天',5,1533398461),(1095417,32699,21.67039500,118924.14255623,118945.81295123,'魔盒[672368326993]收益20天',5,1533398461),(1095418,32699,21.67033890,118945.81295123,118967.48329013,'魔盒[672370326993]收益20天',5,1533398461),(1095419,32699,21.67041080,118967.48329013,118989.15370093,'魔盒[672371326993]收益20天',5,1533398461),(1095420,32699,2.00077780,118989.15370093,118991.15447873,'魔盒[672377326992]收益20天',5,1533398461),(1095421,32698,123.45000000,20776.20037566,20899.65037566,'全网联盟分红',6,1533405601),(1095422,32699,61.72500000,118991.15447873,119052.87947873,'全网联盟分红',6,1533405601),(1095423,32700,61.72500000,3671.43280029,3733.15780029,'全网联盟分红',6,1533405601),(1095424,32698,151.66536910,20899.65037566,21051.31574476,'魔盒[839532326984]收益43天',5,1533484861),(1095425,32700,2.00060330,3733.15780029,3735.15840359,'魔盒[230526327002]收益42天',5,1533484861),(1095426,32698,21.67094850,21051.31574476,21072.98669326,'魔盒[294671326983]收益41天',5,1533484861),(1095427,32700,2.00060380,3735.15840359,3737.15900739,'魔盒[298331327002]收益41天',5,1533484861),(1095428,32699,2.00055700,119052.87947873,119054.88003573,'魔盒[298345326992]收益41天',5,1533484861),(1095429,32704,2.00066580,5306.28214777,5308.28281357,'魔盒[817537327042]收益35天',5,1533484861),(1095430,32704,151.66515500,5308.28281357,5459.94796857,'魔盒[817543327044]收益35天',5,1533484862),(1095431,32704,2.00052970,5459.94796857,5461.94849827,'魔盒[817650327042]收益35天',5,1533484862),(1095432,32707,2.00033440,1300.79275429,1302.79308869,'魔盒[820229327072]收益35天',5,1533484862),(1095433,32708,2.00045980,266.84545794,268.84591774,'魔盒[820254327082]收益35天',5,1533484862),(1095434,32707,21.67034260,1302.79308869,1324.46343129,'魔盒[820844327073]收益35天',5,1533484862),(1095435,32699,151.66546740,119054.88003573,119206.54550313,'魔盒[925332326994]收益34天',5,1533484862),(1095436,32699,0.44012060,119206.54550313,119206.98562373,'魔盒[672358326991]收益21天',5,1533484862),(1095437,32699,2.00071890,119206.98562373,119208.98634263,'魔盒[672361326992]收益21天',5,1533484862),(1095438,32699,21.67035080,119208.98634263,119230.65669343,'魔盒[672363326993]收益21天',5,1533484862),(1095439,32699,21.67014350,119230.65669343,119252.32683693,'魔盒[672368326993]收益21天',5,1533484862),(1095440,32699,21.67086170,119252.32683693,119273.99769863,'魔盒[672370326993]收益21天',5,1533484862),(1095441,32699,21.67075590,119273.99769863,119295.66845453,'魔盒[672371326993]收益21天',5,1533484862),(1095442,32699,2.00050810,119295.66845453,119297.66896263,'魔盒[672377326992]收益21天',5,1533484862),(1095443,32698,123.45000000,21072.98669326,21196.43669326,'全网联盟分红',6,1533492001),(1095444,32699,61.72500000,119297.66896263,119359.39396263,'全网联盟分红',6,1533492002),(1095445,32700,61.72500000,3737.15900739,3798.88400739,'全网联盟分红',6,1533492002);
/*!40000 ALTER TABLE `user_magic_log` ENABLE KEYS */;

#
# Structure for table "user_product"
#

DROP TABLE IF EXISTS `user_product`;
CREATE TABLE `user_product` (
  `id` int(11) unsigned NOT NULL AUTO_INCREMENT COMMENT '主键',
  `product_id` tinyint(3) DEFAULT NULL COMMENT '产品id',
  `product_number` varchar(20) DEFAULT NULL COMMENT '产品number',
  `yestoday` decimal(16,8) DEFAULT NULL COMMENT '昨日开采',
  `total` decimal(16,8) DEFAULT NULL COMMENT '总开采',
  `buy_time` int(11) DEFAULT NULL COMMENT '购买时间',
  `end_time` int(11) DEFAULT NULL COMMENT '到期时间',
  `status` tinyint(1) DEFAULT NULL COMMENT '状态：1：运行中；0：已过期',
  `user_id` int(11) DEFAULT NULL COMMENT '用户id',
  `total_day` int(11) DEFAULT NULL COMMENT '周期',
  `balance_day` int(11) DEFAULT '0' COMMENT '已结算天数',
  `last_time` int(11) DEFAULT '0' COMMENT '上次结算时间',
  `types` tinyint(1) NOT NULL DEFAULT '1' COMMENT '1：后台发放；2：购买，3：升级赠送，4:注册赠送',
  PRIMARY KEY (`id`),
  KEY `product_id` (`product_id`),
  KEY `user_id` (`user_id`),
  KEY `status` (`status`),
  KEY `end_time` (`end_time`)
) ENGINE=InnoDB AUTO_INCREMENT=57814 DEFAULT CHARSET=utf8;

#
# Data for table "user_product"
#

INSERT INTO `user_product` VALUES (57787,1,'839527326981',0.29117909,19.38912957,1527839527,1530431527,0,32698,30,30,1532361662,2),(57788,4,'839532326984',151.66536910,8696.31156637,1527839532,1533023532,1,32698,60,43,1533484861,2),(57789,1,'869044326981',0.00124471,18.94685073,1527869044,1530461044,0,32698,30,30,1532361662,2),(57790,1,'222205326991',0.29296475,12.33367322,1529222205,1531814205,0,32699,30,30,1532361662,4),(57791,1,'230268327001',0.33361803,12.77793180,1529230268,1531822268,0,32700,30,30,1532448061,4),(57792,2,'230526327002',2.00060330,82.50044974,1529230526,1534414526,1,32700,60,42,1533484861,2),(57793,1,'241130327011',0.38930022,12.77429734,1529241130,1531833130,0,32701,30,30,1532448061,4),(57794,1,'245157327021',0.40933307,12.77309487,1529245157,1531837157,0,32702,30,30,1532448061,4),(57795,3,'294671326983',21.67094850,877.58914659,1529294671,1534478671,1,32698,60,41,1533484861,3),(57796,2,'298331327002',2.00060380,80.93062585,1529298331,1534482331,1,32700,60,41,1533484861,3),(57797,2,'298345326992',2.00055700,80.93234605,1529298345,1534482345,1,32699,60,41,1533484861,3),(57800,2,'817537327042',2.00066580,68.90787001,1529817537,1535001537,1,32704,60,35,1533484861,1),(57801,4,'817543327044',151.66515500,5224.13511306,1529817543,1535001543,1,32704,60,35,1533484862,1),(57802,2,'817650327042',2.00052970,68.90551520,1529817650,1535001650,1,32704,60,35,1533484862,2),(57803,2,'820229327072',2.00033440,68.84755226,1529820229,1535004229,1,32707,60,35,1533484862,2),(57804,2,'820254327082',2.00045980,68.84591774,1529820254,1535004254,1,32708,60,35,1533484862,2),(57805,3,'820844327073',21.67034260,745.61587903,1529820844,1535004844,1,32707,60,35,1533484862,2),(57806,4,'925332326994',151.66546740,5034.92496987,1529925332,1535109332,1,32699,60,34,1533484862,2),(57807,1,'672358326991',0.44012060,9.24106220,1531672358,1534264358,1,32699,30,21,1533484862,2),(57808,2,'672361326992',2.00071890,41.96507204,1531672361,1536856361,1,32699,60,21,1533484862,2),(57809,3,'672363326993',21.67035080,454.59160923,1531672363,1536856363,1,32699,60,21,1533484862,2),(57810,3,'672368326993',21.67014350,454.58814862,1531672368,1536856368,1,32699,60,21,1533484862,2),(57811,3,'672370326993',21.67086170,454.58906969,1531672370,1536856370,1,32699,60,21,1533484862,2),(57812,3,'672371326993',21.67075590,454.58640573,1531672371,1536856371,1,32699,60,21,1533484862,2),(57813,2,'672377326992',2.00050810,41.96660598,1531672377,1536856377,1,32699,60,21,1533484862,2);
